Field,ID,Type (Type),default,en-us,zh-hans,hi,es,fr,ar,bn,pt,ru,ur,id,de,ja,mr,te,tr,ta,vi,ko,fa,ha,sw,it,pa,gu,am,th,kn,yo-latn,uz,ml,or,uk,pl,ms,nl,ig-latn,si,ne,ro,zu,hr,el,hu,cs,he,sv
Description,2,Text,,"Easy-Post Desktop is a comprehensive shipping console for Windows, built on the EasyPost shipping platform. Connect your own EasyPost account and manage your entire shipping workflow from one fast, native desktop application.

Note: Easy-Post Desktop is an independent, open-source application. It is not affiliated with, endorsed by, or sponsored by EasyPost. An EasyPost account and API key are required to use the app.

What you can do:

• Rate shopping — compare live rates across USPS, FedEx, UPS and every carrier your EasyPost account supports, then buy and print labels in a couple of clicks.
• Address book — save and verify addresses, with country-aware fields covering 197 countries.
• Tracking — monitor shipments with automatic polling, or opt in to instant real-time push updates.
• International shipping — capture full customs information for international labels, including itemised customs contents.
• HTS lookup — search live Harmonized Tariff Schedule codes straight from the U.S. International Trade Commission.
• Refunds, insurance, pickups and claims — manage the full post-purchase lifecycle without leaving the app.
• Batch shipping — import a CSV of recipients, validate, then bulk-rate and buy.
• Reporting — see spend by carrier and label counts at a glance.
• Test and production modes — a persistent banner and purchase confirmations keep test and live shipments cleanly separated, so a real label is never bought by accident.
• Private by design — API keys are stored in the Windows Credential Manager, never in plain text, and shipping data stays on your device. No analytics, no telemetry.
• Available in 50 languages.

Getting started: Easy-Post Desktop requires your own EasyPost account. Sign up free at easypost.com, generate an API key, and paste it on first launch. Use a test-mode key to explore everything with no real carrier charges.","Easy-Post Desktop 是一款基于 EasyPost 运输平台的 Windows 综合运单控制台。连接您自己的 EasyPost 账户，即可在一个快速的原生桌面应用程序中管理整个运输流程。

注意：Easy-Post Desktop 是一款独立的开源应用程序，与 EasyPost 无关联，未获得 EasyPost 的认可或赞助。使用本应用需要您自己的 EasyPost 账户和 API 密钥。

您可以执行的操作：

• 运费比较：比较 USPS、FedEx、UPS 以及您的 EasyPost 账户支持的所有承运商的实时运费，然后只需点击几下即可购买并打印面单。
• 地址簿：保存并验证地址，提供覆盖 197 个国家/地区的本地化字段。
• 追踪：通过自动轮询监控运单，或选择启用即时实时推送更新。
• 国际运输：为国际面单录入完整的海关信息，包括逐项列出的报关内容。
• HTS 查询：直接从美国国际贸易委员会查询实时的协调关税表 (HTS) 编码。
• 退款、保险、上门取件和理赔：无需离开应用即可管理完整的售后流程。
• 批量发货：导入收件人 CSV 文件，进行验证，然后批量获取运费并购买。
• 报表：一目了然地查看按承运商划分的支出和面单数量。
• 测试和生产模式：常驻横幅和购买确认将测试运单与实际运单清晰区分，确保绝不会意外购买真实面单。
• 注重隐私的设计：API 密钥存储在 Windows 凭据管理器中，绝不以明文保存，运输数据始终保留在您的设备上。无分析，无遥测。
• 支持 50 种语言。

入门：Easy-Post Desktop 需要您自己的 EasyPost 账户。请在 easypost.com 免费注册，生成 API 密钥，并在首次启动时粘贴。使用测试模式密钥即可体验所有功能，且不会产生实际的承运商费用。","Easy-Post Desktop, EasyPost शिपिंग प्लेटफ़ॉर्म पर आधारित, Windows के लिए एक व्यापक शिपिंग कंसोल है। अपना स्वयं का EasyPost खाता कनेक्ट करें और अपने पूरे शिपिंग वर्कफ़्लो को एक तेज़, नेटिव डेस्कटॉप ऐप्लिकेशन से प्रबंधित करें।

नोट: Easy-Post Desktop एक स्वतंत्र, ओपन-सोर्स ऐप्लिकेशन है। यह EasyPost से संबद्ध, समर्थित या प्रायोजित नहीं है। ऐप का उपयोग करने के लिए एक EasyPost खाता और API कुंजी आवश्यक है।

आप क्या कर सकते हैं:

• रेट शॉपिंग — USPS, FedEx, UPS और आपके EasyPost खाते द्वारा समर्थित हर कैरियर की लाइव दरों की तुलना करें, फिर कुछ ही क्लिक में लेबल खरीदें और प्रिंट करें।
• एड्रेस बुक — 197 देशों को कवर करने वाले देश-अनुरूप फ़ील्ड के साथ पते सहेजें और सत्यापित करें।
• ट्रैकिंग — स्वचालित पोलिंग के साथ शिपमेंट की निगरानी करें, या तत्काल रियल-टाइम पुश अपडेट का विकल्प चुनें।
• अंतरराष्ट्रीय शिपिंग — अंतरराष्ट्रीय लेबल के लिए विस्तृत सीमा-शुल्क जानकारी दर्ज करें, जिसमें मदवार सीमा-शुल्क सामग्री शामिल है।
• HTS खोज — U.S. International Trade Commission से सीधे लाइव Harmonized Tariff Schedule कोड खोजें।
• रिफ़ंड, बीमा, पिकअप और दावे — ऐप छोड़े बिना संपूर्ण खरीद-पश्चात जीवनचक्र का प्रबंधन करें।
• बैच शिपिंग — प्राप्तकर्ताओं की एक CSV आयात करें, सत्यापित करें, फिर थोक में दर तय करें और खरीदें।
• रिपोर्टिंग — कैरियर के अनुसार व्यय और लेबल गणना एक नज़र में देखें।
• टेस्ट और प्रोडक्शन मोड — एक स्थायी बैनर और खरीद पुष्टिकरण टेस्ट और लाइव शिपमेंट को स्पष्ट रूप से अलग रखते हैं, ताकि गलती से कभी कोई वास्तविक लेबल न खरीदा जाए।
• डिज़ाइन से निजी — API कुंजियाँ Windows Credential Manager में संग्रहीत होती हैं, कभी सादे पाठ में नहीं, और शिपिंग डेटा आपके डिवाइस पर ही रहता है। कोई एनालिटिक्स नहीं, कोई टेलीमेट्री नहीं।
• 50 भाषाओं में उपलब्ध।

शुरुआत करना: Easy-Post Desktop के लिए आपका अपना EasyPost खाता आवश्यक है। easypost.com पर निःशुल्क साइन अप करें, एक API कुंजी जनरेट करें, और पहली बार लॉन्च पर उसे पेस्ट करें। बिना किसी वास्तविक कैरियर शुल्क के सब कुछ आज़माने के लिए टेस्ट-मोड कुंजी का उपयोग करें।","Easy-Post Desktop es una completa consola de envíos para Windows, basada en la plataforma de envíos EasyPost. Conecta tu propia cuenta de EasyPost y gestiona todo tu flujo de trabajo de envíos desde una única aplicación de escritorio nativa y rápida.

Nota: Easy-Post Desktop es una aplicación independiente y de código abierto. No está afiliada a EasyPost ni cuenta con su respaldo o patrocinio. Se necesita una cuenta de EasyPost y una clave de API para usar la aplicación.

Qué puedes hacer:

• Comparación de tarifas: compara tarifas en tiempo real de USPS, FedEx, UPS y todos los transportistas compatibles con tu cuenta de EasyPost, y luego compra e imprime etiquetas con un par de clics.
• Libreta de direcciones: guarda y verifica direcciones, con campos adaptados a cada país que cubren 197 países.
• Seguimiento: supervisa los envíos mediante sondeo automático, o activa las actualizaciones instantáneas en tiempo real.
• Envíos internacionales: registra toda la información aduanera para las etiquetas internacionales, incluido el contenido aduanero detallado.
• Búsqueda de HTS: busca códigos del Arancel Aduanero Armonizado (HTS) en tiempo real directamente desde la Comisión de Comercio Internacional de Estados Unidos.
• Reembolsos, seguros, recogidas y reclamaciones: gestiona todo el ciclo posterior a la compra sin salir de la aplicación.
• Envíos por lote: importa un archivo CSV de destinatarios, valídalo y luego calcula tarifas y compra de forma masiva.
• Informes: consulta de un vistazo el gasto por transportista y el número de etiquetas.
• Modos de prueba y producción: un banner permanente y las confirmaciones de compra mantienen los envíos de prueba y reales claramente separados, de modo que nunca se compre una etiqueta real por accidente.
• Privacidad por diseño: las claves de API se almacenan en el Administrador de credenciales de Windows, nunca en texto sin formato, y los datos de envío permanecen en tu dispositivo. Sin analíticas ni telemetría.
• Disponible en 50 idiomas.

Primeros pasos: Easy-Post Desktop requiere tu propia cuenta de EasyPost. Regístrate gratis en easypost.com, genera una clave de API y pégala al iniciar la aplicación por primera vez. Usa una clave en modo de prueba para explorarlo todo sin cargos reales de transporte.","Easy-Post Desktop est une console d'expédition complète pour Windows, fondée sur la plateforme d'expédition EasyPost. Connectez votre propre compte EasyPost et gérez l'ensemble de votre flux d'expédition depuis une seule application de bureau native et rapide.

Remarque : Easy-Post Desktop est une application indépendante et open source. Elle n'est ni affiliée à EasyPost, ni approuvée ou parrainée par EasyPost. Un compte EasyPost et une clé API sont nécessaires pour utiliser l'application.

Ce que vous pouvez faire :

• Comparaison des tarifs : comparez les tarifs en temps réel d'USPS, FedEx, UPS et de tous les transporteurs pris en charge par votre compte EasyPost, puis achetez et imprimez des étiquettes en quelques clics.
• Carnet d'adresses : enregistrez et vérifiez des adresses, avec des champs adaptés à chaque pays couvrant 197 pays.
• Suivi : surveillez les envois par interrogation automatique, ou activez les mises à jour instantanées en temps réel.
• Expédition internationale : renseignez toutes les informations douanières pour les étiquettes internationales, y compris le détail du contenu douanier.
• Recherche HTS : recherchez les codes du tarif douanier harmonisé (HTS) en temps réel, directement auprès de la Commission du commerce international des États-Unis.
• Remboursements, assurance, enlèvements et réclamations : gérez tout le cycle après-achat sans quitter l'application.
• Expédition par lot : importez un fichier CSV de destinataires, validez-le, puis calculez les tarifs et achetez en masse.
• Rapports : visualisez d'un coup d'œil les dépenses par transporteur et le nombre d'étiquettes.
• Modes test et production : une bannière permanente et des confirmations d'achat séparent clairement les envois de test et réels, afin qu'une véritable étiquette ne soit jamais achetée par erreur.
• Confidentialité dès la conception : les clés API sont stockées dans le Gestionnaire d'informations d'identification Windows, jamais en clair, et les données d'expédition restent sur votre appareil. Aucune analyse, aucune télémétrie.
• Disponible en 50 langues.

Pour commencer : Easy-Post Desktop nécessite votre propre compte EasyPost. Inscrivez-vous gratuitement sur easypost.com, générez une clé API et collez-la au premier lancement. Utilisez une clé en mode test pour tout explorer sans frais de transport réels.","Easy-Post Desktop هو وحدة تحكم شاملة للشحن على نظام Windows، مبنية على منصة الشحن EasyPost. اربط حساب EasyPost الخاص بك وأدر سير عمل الشحن بالكامل من تطبيق سطح مكتب أصلي وسريع واحد.

ملاحظة: Easy-Post Desktop هو تطبيق مستقل ومفتوح المصدر. وهو غير تابع لـ EasyPost ولا معتمد منها ولا مدعوم منها. يلزم وجود حساب EasyPost ومفتاح API لاستخدام التطبيق.

ما يمكنك القيام به:

• مقارنة الأسعار — قارن الأسعار الحية عبر USPS وFedEx وUPS وكل شركة نقل يدعمها حساب EasyPost الخاص بك، ثم اشترِ الملصقات واطبعها بنقرات قليلة.
• دفتر العناوين — احفظ العناوين وتحقق منها، مع حقول مراعية للدولة تغطي 197 دولة.
• التتبع — راقب الشحنات بالاستطلاع التلقائي، أو اشترك في التحديثات الفورية المباشرة.
• الشحن الدولي — سجّل معلومات الجمارك الكاملة للملصقات الدولية، بما في ذلك محتويات الجمارك المفصّلة بالبنود.
• البحث في HTS — ابحث في رموز جدول التعريفة الجمركية المنسق الحية مباشرة من لجنة التجارة الدولية للولايات المتحدة.
• المبالغ المستردة والتأمين وطلبات الاستلام والمطالبات — أدر دورة حياة ما بعد الشراء بالكامل دون مغادرة التطبيق.
• الشحن بالدفعات — استورد ملف CSV للمستلمين وتحقق منه، ثم احسب الأسعار واشترِ بالجملة.
• التقارير — اطّلع على الإنفاق حسب شركة النقل وأعداد الملصقات في لمحة.
• وضعا الاختبار والإنتاج — لافتة دائمة وتأكيدات شراء تُبقي شحنات الاختبار والشحنات الحية منفصلة بوضوح، بحيث لا يُشترى ملصق حقيقي عن طريق الخطأ أبدًا.
• خاص بحكم التصميم — تُخزَّن مفاتيح API في إدارة بيانات اعتماد Windows، وليس أبدًا كنص عادي، وتبقى بيانات الشحن على جهازك. لا تحليلات ولا قياس عن بُعد.
• متوفر بـ 50 لغة.

البدء: يتطلب Easy-Post Desktop حساب EasyPost خاصًا بك. سجّل مجانًا على easypost.com، وأنشئ مفتاح API، والصقه عند التشغيل الأول. استخدم مفتاح وضع الاختبار لاستكشاف كل شيء دون أي رسوم شحن حقيقية.","Easy-Post Desktop হল EasyPost শিপিং প্ল্যাটফর্মের উপর নির্মিত Windows-এর জন্য একটি সর্বাঙ্গীণ শিপিং কনসোল। আপনার নিজের EasyPost অ্যাকাউন্ট সংযুক্ত করুন এবং একটি দ্রুত, নেটিভ ডেস্কটপ অ্যাপ্লিকেশন থেকে আপনার সম্পূর্ণ শিপিং ওয়ার্কফ্লো পরিচালনা করুন।

দ্রষ্টব্য: Easy-Post Desktop একটি স্বাধীন, ওপেন-সোর্স অ্যাপ্লিকেশন। এটি EasyPost-এর সাথে অধিভুক্ত, অনুমোদিত বা পৃষ্ঠপোষকতাপ্রাপ্ত নয়। অ্যাপটি ব্যবহার করতে একটি EasyPost অ্যাকাউন্ট এবং API কী প্রয়োজন।

আপনি যা করতে পারেন:

• রেট শপিং — USPS, FedEx, UPS এবং আপনার EasyPost অ্যাকাউন্ট সমর্থিত প্রতিটি ক্যারিয়ারের লাইভ রেট তুলনা করুন, তারপর কয়েকটি ক্লিকেই লেবেল কিনুন ও প্রিন্ট করুন।
• ঠিকানা বই — ১৯৭টি দেশ কভার করা দেশ-সচেতন ফিল্ড সহ ঠিকানা সংরক্ষণ ও যাচাই করুন।
• ট্র্যাকিং — স্বয়ংক্রিয় পোলিং সহ শিপমেন্ট পর্যবেক্ষণ করুন, অথবা তাৎক্ষণিক রিয়েল-টাইম পুশ আপডেট বেছে নিন।
• আন্তর্জাতিক শিপিং — আন্তর্জাতিক লেবেলের জন্য সম্পূর্ণ শুল্ক তথ্য সংগ্রহ করুন, যার মধ্যে আইটেমভিত্তিক শুল্ক বিষয়বস্তু অন্তর্ভুক্ত।
• HTS অনুসন্ধান — U.S. International Trade Commission থেকে সরাসরি লাইভ Harmonized Tariff Schedule কোড অনুসন্ধান করুন।
• রিফান্ড, বীমা, পিকআপ ও দাবি — অ্যাপ না ছেড়েই সম্পূর্ণ ক্রয়-পরবর্তী জীবনচক্র পরিচালনা করুন।
• ব্যাচ শিপিং — প্রাপকদের একটি CSV আমদানি করুন, যাচাই করুন, তারপর একসাথে রেট নির্ধারণ ও ক্রয় করুন।
• রিপোর্টিং — ক্যারিয়ার অনুযায়ী ব্যয় এবং লেবেল সংখ্যা এক নজরে দেখুন।
• টেস্ট ও প্রোডাকশন মোড — একটি স্থায়ী ব্যানার এবং ক্রয় নিশ্চিতকরণ টেস্ট ও লাইভ শিপমেন্টকে পরিষ্কারভাবে পৃথক রাখে, যাতে ভুলবশত কখনও কোনো প্রকৃত লেবেল কেনা না হয়।
• নকশা থেকেই গোপনীয় — API কী Windows Credential Manager-এ সংরক্ষিত হয়, কখনও সাধারণ টেক্সটে নয়, এবং শিপিং ডেটা আপনার ডিভাইসেই থাকে। কোনো অ্যানালিটিক্স নেই, কোনো টেলিমেট্রি নেই।
• ৫০টি ভাষায় উপলব্ধ।

শুরু করা: Easy-Post Desktop-এর জন্য আপনার নিজস্ব EasyPost অ্যাকাউন্ট প্রয়োজন। easypost.com-এ বিনামূল্যে সাইন আপ করুন, একটি API কী তৈরি করুন, এবং প্রথম লঞ্চের সময় সেটি পেস্ট করুন। কোনো প্রকৃত ক্যারিয়ার চার্জ ছাড়াই সবকিছু অন্বেষণ করতে একটি টেস্ট-মোড কী ব্যবহার করুন।","O Easy-Post Desktop é um console de envios abrangente para Windows, desenvolvido sobre a plataforma de envios EasyPost. Conecte a sua própria conta EasyPost e gira todo o seu fluxo de trabalho de envios a partir de uma aplicação de desktop nativa e rápida.

Nota: o Easy-Post Desktop é uma aplicação independente e de código aberto. Não é afiliada, endossada nem patrocinada pela EasyPost. É necessária uma conta EasyPost e uma chave de API para utilizar a aplicação.

O que pode fazer:

• Comparação de tarifas — compare tarifas em tempo real entre USPS, FedEx, UPS e todas as transportadoras suportadas pela sua conta EasyPost, depois compre e imprima etiquetas com alguns cliques.
• Livro de endereços — guarde e verifique endereços, com campos adaptados ao país que abrangem 197 países.
• Rastreamento — monitorize envios com consulta automática, ou opte por atualizações push instantâneas em tempo real.
• Envios internacionais — capture todas as informações alfandegárias para etiquetas internacionais, incluindo o conteúdo alfandegário discriminado.
• Consulta HTS — pesquise códigos ao vivo da Harmonized Tariff Schedule diretamente da U.S. International Trade Commission.
• Reembolsos, seguros, recolhas e reclamações — gira todo o ciclo de vida pós-compra sem sair da aplicação.
• Envios em lote — importe um CSV de destinatários, valide, depois tarife e compre em massa.
• Relatórios — veja os gastos por transportadora e a contagem de etiquetas num relance.
• Modos de teste e de produção — um banner permanente e as confirmações de compra mantêm os envios de teste e reais claramente separados, para que uma etiqueta real nunca seja comprada por engano.
• Privado por conceção — as chaves de API são guardadas no Windows Credential Manager, nunca em texto simples, e os dados de envio permanecem no seu dispositivo. Sem análises, sem telemetria.
• Disponível em 50 idiomas.

Como começar: o Easy-Post Desktop requer a sua própria conta EasyPost. Registe-se gratuitamente em easypost.com, gere uma chave de API e cole-a no primeiro arranque. Utilize uma chave de modo de teste para explorar tudo sem custos reais de transportadora.","Easy-Post Desktop — это комплексная консоль доставки для Windows, построенная на платформе доставки EasyPost. Подключите собственную учётную запись EasyPost и управляйте всем процессом доставки из одного быстрого нативного настольного приложения.

Примечание: Easy-Post Desktop — это независимое приложение с открытым исходным кодом. Оно не связано с EasyPost, не одобрено и не спонсируется EasyPost. Для использования приложения требуются учётная запись EasyPost и ключ API.

Что можно делать:

• Подбор тарифов — сравнивайте актуальные тарифы USPS, FedEx, UPS и всех перевозчиков, поддерживаемых вашей учётной записью EasyPost, затем покупайте и печатайте этикетки в пару кликов.
• Адресная книга — сохраняйте и проверяйте адреса с учётом особенностей стран, охватывая 197 стран.
• Отслеживание — контролируйте отправления с автоматическим опросом или подключите мгновенные push-уведомления в реальном времени.
• Международная доставка — вносите полные таможенные данные для международных этикеток, включая детализированное содержимое для таможни.
• Поиск по HTS — ищите актуальные коды Гармонизированной тарифной сетки напрямую из Комиссии по международной торговле США.
• Возвраты, страхование, забор и претензии — управляйте всем жизненным циклом после покупки, не покидая приложение.
• Пакетная доставка — импортируйте CSV с получателями, проверьте, затем массово рассчитайте тарифы и купите.
• Отчётность — просматривайте расходы по перевозчикам и количество этикеток одним взглядом.
• Тестовый и рабочий режимы — постоянный баннер и подтверждения покупки надёжно разделяют тестовые и реальные отправления, поэтому настоящая этикетка никогда не покупается случайно.
• Конфиденциальность по умолчанию — ключи API хранятся в Диспетчере учётных данных Windows, никогда в открытом виде, а данные о доставке остаются на вашем устройстве. Никакой аналитики, никакой телеметрии.
• Доступно на 50 языках.

Начало работы: для Easy-Post Desktop требуется собственная учётная запись EasyPost. Зарегистрируйтесь бесплатно на easypost.com, создайте ключ API и вставьте его при первом запуске. Используйте ключ тестового режима, чтобы изучить все возможности без реальных расходов на перевозчиков.","Easy-Post Desktop ونڈوز کے لیے ایک جامع شپنگ کنسول ہے، جو EasyPost شپنگ پلیٹ فارم پر بنایا گیا ہے۔ اپنا EasyPost اکاؤنٹ منسلک کریں اور اپنے پورے شپنگ ورک فلو کو ایک تیز، نیٹو ڈیسک ٹاپ ایپلیکیشن سے منظم کریں۔

نوٹ: Easy-Post Desktop ایک آزاد، اوپن سورس ایپلیکیشن ہے۔ یہ EasyPost سے وابستہ، اس کی توثیق شدہ یا اس کی اسپانسر شدہ نہیں ہے۔ ایپ استعمال کرنے کے لیے EasyPost اکاؤنٹ اور API کلید درکار ہے۔

آپ کیا کر سکتے ہیں:

• ریٹ شاپنگ — USPS، FedEx، UPS اور ہر اُس کیریئر کے لائیو ریٹس کا موازنہ کریں جس کی آپ کا EasyPost اکاؤنٹ حمایت کرتا ہے، پھر چند کلکس میں لیبل خریدیں اور پرنٹ کریں۔
• ایڈریس بُک — پتے محفوظ اور تصدیق کریں، 197 ممالک کا احاطہ کرنے والے ملک سے آگاہ فیلڈز کے ساتھ۔
• ٹریکنگ — خودکار پولنگ کے ساتھ ترسیلات کی نگرانی کریں، یا فوری حقیقی وقت کی پش اپ ڈیٹس کا انتخاب کریں۔
• بین الاقوامی شپنگ — بین الاقوامی لیبلز کے لیے مکمل کسٹمز معلومات درج کریں، بشمول تفصیلی کسٹمز مواد۔
• HTS تلاش — امریکی انٹرنیشنل ٹریڈ کمیشن سے براہ راست لائیو Harmonized Tariff Schedule کوڈز تلاش کریں۔
• ریفنڈز، انشورنس، پک اپس اور کلیمز — ایپ چھوڑے بغیر خریداری کے بعد کے پورے دورانیے کو منظم کریں۔
• بیچ شپنگ — وصول کنندگان کی ایک CSV درآمد کریں، توثیق کریں، پھر بلک ریٹ اور خریداری کریں۔
• رپورٹنگ — ایک نظر میں کیریئر کے حساب سے اخراجات اور لیبل کی تعداد دیکھیں۔
• ٹیسٹ اور پروڈکشن موڈز — ایک مستقل بینر اور خریداری کی توثیقات ٹیسٹ اور لائیو ترسیلات کو صاف طور پر الگ رکھتی ہیں، تاکہ کوئی حقیقی لیبل غلطی سے کبھی نہ خریدا جائے۔
• بنیادی طور پر نجی — API کلیدیں Windows Credential Manager میں محفوظ ہوتی ہیں، کبھی سادہ متن میں نہیں، اور شپنگ ڈیٹا آپ کے آلے پر رہتا ہے۔ کوئی اینالیٹکس نہیں، کوئی ٹیلی میٹری نہیں۔
• 50 زبانوں میں دستیاب۔

آغاز کیسے کریں: Easy-Post Desktop کے لیے آپ کا اپنا EasyPost اکاؤنٹ درکار ہے۔ easypost.com پر مفت سائن اپ کریں، ایک API کلید بنائیں، اور پہلی بار لانچ پر اسے پیسٹ کریں۔ حقیقی کیریئر چارجز کے بغیر ہر چیز کو دریافت کرنے کے لیے ٹیسٹ موڈ کی کلید استعمال کریں۔","Easy-Post Desktop adalah konsol pengiriman komprehensif untuk Windows, dibangun di atas platform pengiriman EasyPost. Hubungkan akun EasyPost Anda sendiri dan kelola seluruh alur kerja pengiriman Anda dari satu aplikasi desktop native yang cepat.

Catatan: Easy-Post Desktop adalah aplikasi sumber terbuka yang independen. Aplikasi ini tidak berafiliasi dengan, tidak didukung oleh, atau tidak disponsori oleh EasyPost. Akun EasyPost dan kunci API diperlukan untuk menggunakan aplikasi ini.

Yang dapat Anda lakukan:

• Perbandingan tarif — bandingkan tarif langsung di seluruh USPS, FedEx, UPS dan setiap kurir yang didukung akun EasyPost Anda, lalu beli dan cetak label dalam beberapa klik.
• Buku alamat — simpan dan verifikasi alamat, dengan bidang yang menyesuaikan negara mencakup 197 negara.
• Pelacakan — pantau pengiriman dengan pemeriksaan otomatis, atau pilih pembaruan push real-time secara instan.
• Pengiriman internasional — rekam informasi bea cukai lengkap untuk label internasional, termasuk rincian isi bea cukai.
• Pencarian HTS — cari kode Harmonized Tariff Schedule langsung dari Komisi Perdagangan Internasional Amerika Serikat.
• Pengembalian dana, asuransi, penjemputan dan klaim — kelola seluruh siklus pascapembelian tanpa meninggalkan aplikasi.
• Pengiriman massal — impor CSV penerima, validasi, lalu terapkan tarif dan beli secara massal.
• Pelaporan — lihat pengeluaran per kurir dan jumlah label secara sekilas.
• Mode uji dan produksi — spanduk yang persisten dan konfirmasi pembelian menjaga pengiriman uji dan langsung tetap terpisah dengan rapi, sehingga label asli tidak pernah dibeli secara tidak sengaja.
• Privat berdasarkan desain — kunci API disimpan di Windows Credential Manager, tidak pernah dalam teks biasa, dan data pengiriman tetap di perangkat Anda. Tanpa analitik, tanpa telemetri.
• Tersedia dalam 50 bahasa.

Memulai: Easy-Post Desktop memerlukan akun EasyPost Anda sendiri. Daftar gratis di easypost.com, buat kunci API, dan tempelkan saat peluncuran pertama. Gunakan kunci mode uji untuk menjelajahi semuanya tanpa biaya kurir yang sebenarnya.","Easy-Post Desktop ist eine umfassende Versandkonsole für Windows auf Basis der EasyPost-Versandplattform. Verbinden Sie Ihr eigenes EasyPost-Konto und verwalten Sie Ihren gesamten Versandablauf über eine einzige schnelle, native Desktop-Anwendung.

Hinweis: Easy-Post Desktop ist eine unabhängige Open-Source-Anwendung. Sie steht in keiner Verbindung zu EasyPost und wird von EasyPost weder unterstützt noch gesponsert. Für die Nutzung der Anwendung sind ein EasyPost-Konto und ein API-Schlüssel erforderlich.

Was Sie tun können:

• Tarifvergleich: Vergleichen Sie Echtzeittarife von USPS, FedEx, UPS und allen von Ihrem EasyPost-Konto unterstützten Versanddienstleistern und kaufen und drucken Sie Etiketten mit wenigen Klicks.
• Adressbuch: Speichern und überprüfen Sie Adressen mit länderspezifischen Feldern für 197 Länder.
• Sendungsverfolgung: Überwachen Sie Sendungen per automatischer Abfrage oder aktivieren Sie sofortige Echtzeit-Updates.
• Internationaler Versand: Erfassen Sie alle Zollangaben für internationale Etiketten, einschließlich detaillierter Zollinhalte.
• HTS-Suche: Suchen Sie Echtzeit-Codes des Harmonisierten Zolltarifschemas (HTS) direkt bei der US-amerikanischen Internationalen Handelskommission.
• Erstattungen, Versicherung, Abholungen und Schadensfälle: Verwalten Sie den gesamten Ablauf nach dem Kauf, ohne die Anwendung zu verlassen.
• Sammelversand: Importieren Sie eine CSV-Datei mit Empfängern, prüfen Sie sie und rufen Sie Tarife ab und kaufen Sie in großen Mengen.
• Berichte: Sehen Sie auf einen Blick die Ausgaben pro Versanddienstleister und die Anzahl der Etiketten.
• Test- und Produktionsmodus: Ein dauerhaftes Banner und Kaufbestätigungen trennen Test- und Echtsendungen sauber, sodass niemals versehentlich ein echtes Etikett gekauft wird.
• Datenschutz durch Design: API-Schlüssel werden in der Windows-Anmeldeinformationsverwaltung gespeichert, niemals im Klartext, und Ihre Versanddaten verbleiben auf Ihrem Gerät. Keine Analyse, keine Telemetrie.
• In 50 Sprachen verfügbar.

Erste Schritte: Easy-Post Desktop erfordert Ihr eigenes EasyPost-Konto. Registrieren Sie sich kostenlos unter easypost.com, erstellen Sie einen API-Schlüssel und fügen Sie ihn beim ersten Start ein. Verwenden Sie einen Schlüssel im Testmodus, um alles ohne echte Versandkosten auszuprobieren.","Easy-Post Desktop は、EasyPost 配送プラットフォームを基盤とした Windows 向けの総合配送コンソールです。ご自身の EasyPost アカウントを接続すれば、高速なネイティブ デスクトップ アプリケーションから配送ワークフロー全体を管理できます。

注意：Easy-Post Desktop は独立したオープンソース アプリケーションです。EasyPost とは提携しておらず、EasyPost による承認や後援も受けていません。本アプリの利用には、ご自身の EasyPost アカウントと API キーが必要です。

主な機能：

• 料金比較：USPS、FedEx、UPS など、お使いの EasyPost アカウントが対応するすべての配送業者の料金をリアルタイムで比較し、数クリックでラベルを購入・印刷できます。
• 住所録：197 か国に対応した国別フィールドで、住所を保存・確認できます。
• 追跡：自動ポーリングで配送状況を監視するか、リアルタイムの即時プッシュ更新を有効にできます。
• 国際配送：品目ごとの税関内容を含め、国際ラベルに必要な税関情報をすべて入力できます。
• HTS 検索：米国国際貿易委員会から、統一関税率表 (HTS) コードをリアルタイムで検索できます。
• 返金・保険・集荷・保険金請求：購入後の一連の手続きを、アプリを離れることなく管理できます。
• 一括配送：宛先の CSV ファイルをインポートして検証し、料金の一括取得と購入を行えます。
• レポート：配送業者別の支出とラベル数を一目で確認できます。
• テスト モードと本番 モード：常時表示のバナーと購入確認により、テスト配送と実際の配送が明確に分けられ、実際のラベルを誤って購入することはありません。
• プライバシーを重視した設計：API キーは Windows 資格情報マネージャーに保存され、平文で保存されることはありません。配送データはお使いのデバイスに保持されます。分析やテレメトリはありません。
• 50 言語に対応。

はじめに：Easy-Post Desktop には、ご自身の EasyPost アカウントが必要です。easypost.com で無料登録し、API キーを生成して、初回起動時に貼り付けてください。テスト モードのキーを使えば、実際の配送料金が発生することなくすべての機能を試せます。","Easy-Post Desktop हे EasyPost शिपिंग प्लॅटफॉर्मवर आधारित Windows साठी एक सर्वसमावेशक शिपिंग कन्सोल आहे. तुमचे स्वतःचे EasyPost खाते जोडा आणि एका जलद, नेटिव्ह डेस्कटॉप ॲप्लिकेशनमधून तुमचा संपूर्ण शिपिंग वर्कफ्लो व्यवस्थापित करा.

टीप: Easy-Post Desktop हे एक स्वतंत्र, ओपन-सोर्स ॲप्लिकेशन आहे. ते EasyPost शी संलग्न, त्यांच्याकडून समर्थित किंवा प्रायोजित नाही. ॲप वापरण्यासाठी EasyPost खाते आणि API की आवश्यक आहे.

तुम्ही काय करू शकता:

• रेट शॉपिंग — USPS, FedEx, UPS आणि तुमच्या EasyPost खात्याद्वारे समर्थित प्रत्येक कॅरियरच्या थेट दरांची तुलना करा, नंतर काही क्लिकमध्ये लेबल खरेदी करा आणि प्रिंट करा.
• पत्ता वही — १९७ देशांचा समावेश करणाऱ्या देश-जागरूक फील्डसह पत्ते जतन करा आणि पडताळा.
• ट्रॅकिंग — स्वयंचलित पोलिंगसह शिपमेंटवर देखरेख करा, किंवा त्वरित रिअल-टाइम पुश अपडेट्सचा पर्याय निवडा.
• आंतरराष्ट्रीय शिपिंग — आंतरराष्ट्रीय लेबलांसाठी संपूर्ण सीमाशुल्क माहिती नोंदवा, ज्यात बाबवार सीमाशुल्क सामग्री समाविष्ट आहे.
• HTS शोध — U.S. International Trade Commission कडून थेट लाइव्ह Harmonized Tariff Schedule कोड शोधा.
• परतावा, विमा, पिकअप आणि दावे — ॲप न सोडता संपूर्ण खरेदी-पश्चात जीवनचक्र व्यवस्थापित करा.
• बॅच शिपिंग — प्राप्तकर्त्यांची CSV आयात करा, पडताळा, नंतर मोठ्या प्रमाणात दर ठरवा आणि खरेदी करा.
• अहवाल — कॅरियरनुसार खर्च आणि लेबल संख्या एका दृष्टिक्षेपात पहा.
• टेस्ट आणि प्रोडक्शन मोड — एक कायमस्वरूपी बॅनर आणि खरेदी पुष्टीकरण टेस्ट आणि लाइव्ह शिपमेंट स्पष्टपणे वेगळे ठेवतात, जेणेकरून चुकून कधीही खरे लेबल खरेदी होणार नाही.
• रचनेतूनच खाजगी — API की Windows Credential Manager मध्ये संग्रहित केल्या जातात, कधीही साध्या मजकुरात नाही, आणि शिपिंग डेटा तुमच्या डिव्हाइसवरच राहतो. कोणतेही ॲनालिटिक्स नाही, कोणतेही टेलिमेट्री नाही.
• ५० भाषांमध्ये उपलब्ध.

सुरुवात करणे: Easy-Post Desktop साठी तुमचे स्वतःचे EasyPost खाते आवश्यक आहे. easypost.com वर मोफत साइन अप करा, एक API की तयार करा, आणि पहिल्या लॉन्चवेळी ती पेस्ट करा. कोणत्याही खऱ्या कॅरियर शुल्काशिवाय सर्व काही अनुभवण्यासाठी टेस्ट-मोड की वापरा.","Easy-Post Desktop అనేది EasyPost షిప్పింగ్ ప్లాట్‌ఫారమ్‌పై నిర్మించబడిన Windows కోసం ఒక సమగ్ర షిప్పింగ్ కన్సోల్. మీ స్వంత EasyPost ఖాతాను కనెక్ట్ చేసి, ఒక వేగవంతమైన, నేటివ్ డెస్క్‌టాప్ అప్లికేషన్ నుండి మీ మొత్తం షిప్పింగ్ వర్క్‌ఫ్లోను నిర్వహించండి.

గమనిక: Easy-Post Desktop ఒక స్వతంత్ర, ఓపెన్-సోర్స్ అప్లికేషన్. ఇది EasyPost తో అనుబంధించబడలేదు, ఆమోదించబడలేదు లేదా ప్రాయోజితం కాలేదు. యాప్‌ను ఉపయోగించడానికి EasyPost ఖాతా మరియు API కీ అవసరం.

మీరు ఏమి చేయగలరు:

• రేట్ షాపింగ్ — USPS, FedEx, UPS మరియు మీ EasyPost ఖాతా మద్దతిచ్చే ప్రతి క్యారియర్ యొక్క లైవ్ రేట్లను పోల్చండి, ఆపై కొన్ని క్లిక్‌లలో లేబుళ్లను కొనుగోలు చేసి ప్రింట్ చేయండి.
• చిరునామా పుస్తకం — 197 దేశాలను కవర్ చేసే దేశ-అవగాహన ఫీల్డ్‌లతో చిరునామాలను సేవ్ చేసి, ధృవీకరించండి.
• ట్రాకింగ్ — ఆటోమేటిక్ పోలింగ్‌తో షిప్‌మెంట్‌లను పర్యవేక్షించండి, లేదా తక్షణ రియల్-టైమ్ పుష్ అప్‌డేట్‌లను ఎంచుకోండి.
• అంతర్జాతీయ షిప్పింగ్ — అంతర్జాతీయ లేబుళ్ల కోసం, అంశాలవారీ కస్టమ్స్ కంటెంట్‌లతో సహా, పూర్తి కస్టమ్స్ సమాచారాన్ని సేకరించండి.
• HTS శోధన — U.S. International Trade Commission నుండి నేరుగా లైవ్ Harmonized Tariff Schedule కోడ్‌లను శోధించండి.
• రీఫండ్‌లు, బీమా, పికప్‌లు మరియు క్లెయిమ్‌లు — యాప్‌ను వదలకుండా పూర్తి కొనుగోలు-అనంతర జీవితచక్రాన్ని నిర్వహించండి.
• బ్యాచ్ షిప్పింగ్ — గ్రహీతల CSVను దిగుమతి చేసి, ధృవీకరించి, ఆపై సామూహికంగా రేటు నిర్ధారించి కొనుగోలు చేయండి.
• రిపోర్టింగ్ — క్యారియర్ ప్రకారం ఖర్చు మరియు లేబుల్ సంఖ్యలను ఒక్క చూపులో చూడండి.
• టెస్ట్ మరియు ప్రొడక్షన్ మోడ్‌లు — ఒక శాశ్వత బ్యానర్ మరియు కొనుగోలు నిర్ధారణలు టెస్ట్ మరియు లైవ్ షిప్‌మెంట్‌లను స్పష్టంగా వేరుగా ఉంచుతాయి, తద్వారా పొరపాటున ఎప్పుడూ నిజమైన లేబుల్ కొనుగోలు జరగదు.
• రూపకల్పన నుండే గోప్యంగా — API కీలు Windows Credential Manager లో నిల్వ చేయబడతాయి, ఎప్పుడూ సాదా టెక్స్ట్‌లో కాదు, మరియు షిప్పింగ్ డేటా మీ పరికరంలోనే ఉంటుంది. ఎటువంటి అనలిటిక్స్ లేదు, ఎటువంటి టెలిమెట్రీ లేదు.
• 50 భాషలలో అందుబాటులో ఉంది.

ప్రారంభించడం: Easy-Post Desktop కు మీ స్వంత EasyPost ఖాతా అవసరం. easypost.com లో ఉచితంగా సైన్ అప్ చేసి, ఒక API కీని రూపొందించి, మొదటి లాంచ్‌లో దాన్ని పేస్ట్ చేయండి. ఎటువంటి నిజమైన క్యారియర్ ఛార్జీలు లేకుండా అన్నింటినీ అన్వేషించడానికి టెస్ట్-మోడ్ కీని ఉపయోగించండి.","Easy-Post Desktop, EasyPost gönderim platformu üzerine kurulu, Windows için kapsamlı bir gönderim konsoludur. Kendi EasyPost hesabınızı bağlayın ve tüm gönderim iş akışınızı hızlı, yerel bir masaüstü uygulamasından yönetin.

Not: Easy-Post Desktop bağımsız, açık kaynaklı bir uygulamadır. EasyPost ile bağlantılı değildir, EasyPost tarafından onaylanmamış veya desteklenmemiştir. Uygulamayı kullanmak için bir EasyPost hesabı ve API anahtarı gereklidir.

Yapabilecekleriniz:

• Fiyat karşılaştırma — USPS, FedEx, UPS ve EasyPost hesabınızın desteklediği her taşıyıcı arasında canlı fiyatları karşılaştırın, ardından birkaç tıklamayla etiket satın alıp yazdırın.
• Adres defteri — 197 ülkeyi kapsayan, ülkeye duyarlı alanlarla adresleri kaydedin ve doğrulayın.
• Takip — gönderileri otomatik yoklama ile izleyin veya anında gerçek zamanlı anlık bildirimleri tercih edin.
• Uluslararası gönderim — kalem kalem gümrük içeriği dahil olmak üzere uluslararası etiketler için eksiksiz gümrük bilgilerini kaydedin.
• HTS araması — canlı Harmonized Tariff Schedule kodlarını doğrudan U.S. International Trade Commission üzerinden arayın.
• İadeler, sigorta, teslim alma ve talepler — uygulamadan çıkmadan satın alma sonrası tüm yaşam döngüsünü yönetin.
• Toplu gönderim — alıcıları içeren bir CSV içe aktarın, doğrulayın, ardından toplu fiyat hesaplayıp satın alın.
• Raporlama — taşıyıcı bazında harcamaları ve etiket sayılarını bir bakışta görün.
• Test ve üretim modları — kalıcı bir başlık şeridi ve satın alma onayları, test ve canlı gönderileri net biçimde ayrı tutar; böylece gerçek bir etiket asla yanlışlıkla satın alınmaz.
• Tasarımı gereği gizli — API anahtarları asla düz metin olarak değil, Windows Credential Manager içinde saklanır ve gönderim verileri cihazınızda kalır. Analiz yok, telemetri yok.
• 50 dilde kullanılabilir.

Başlarken: Easy-Post Desktop kendi EasyPost hesabınızı gerektirir. easypost.com adresinde ücretsiz kaydolun, bir API anahtarı oluşturun ve ilk açılışta yapıştırın. Gerçek taşıyıcı ücretleri olmadan her şeyi keşfetmek için test modu anahtarı kullanın.","Easy-Post Desktop என்பது EasyPost ஷிப்பிங் தளத்தின் அடிப்படையில் Windows-க்காக உருவாக்கப்பட்ட ஒரு விரிவான ஷிப்பிங் கன்சோல் ஆகும். உங்கள் சொந்த EasyPost கணக்கை இணைத்து, ஒரு வேகமான, நேட்டிவ் டெஸ்க்டாப் பயன்பாட்டிலிருந்து உங்கள் முழு ஷிப்பிங் பணிப்பாய்வையும் நிர்வகியுங்கள்.

குறிப்பு: Easy-Post Desktop என்பது ஒரு சுயாதீன, திறந்த மூல பயன்பாடு. இது EasyPost உடன் இணைந்ததோ, அங்கீகரிக்கப்பட்டதோ அல்லது நிதியுதவி பெற்றதோ அல்ல. பயன்பாட்டைப் பயன்படுத்த ஒரு EasyPost கணக்கும் API விசையும் தேவை.

நீங்கள் என்ன செய்யலாம்:

• ரேட் ஷாப்பிங் — USPS, FedEx, UPS மற்றும் உங்கள் EasyPost கணக்கு ஆதரிக்கும் ஒவ்வொரு கேரியரின் நேரடி கட்டணங்களை ஒப்பிட்டு, சில கிளிக்குகளில் லேபிள்களை வாங்கி அச்சிடுங்கள்.
• முகவரிப் புத்தகம் — 197 நாடுகளை உள்ளடக்கிய நாடு-சார்ந்த புலங்களுடன் முகவரிகளைச் சேமித்து சரிபார்க்கவும்.
• கண்காணிப்பு — தானியங்கு போலிங் மூலம் ஏற்றுமதிகளைக் கண்காணிக்கவும், அல்லது உடனடி நிகழ்நேர புஷ் புதுப்பிப்புகளைத் தேர்ந்தெடுக்கவும்.
• சர்வதேச ஷிப்பிங் — சர்வதேச லேபிள்களுக்கான, உருப்படிவாரி சுங்க உள்ளடக்கங்கள் உட்பட, முழு சுங்கத் தகவலையும் பதிவு செய்யவும்.
• HTS தேடல் — U.S. International Trade Commission-இலிருந்து நேரடியாக நேரடி Harmonized Tariff Schedule குறியீடுகளைத் தேடுங்கள்.
• பணத்திரும்பம், காப்பீடு, பிக்கப்கள் மற்றும் உரிமைகோரல்கள் — பயன்பாட்டை விட்டு வெளியேறாமல் முழு வாங்கிய-பிந்தைய வாழ்க்கைச் சுழற்சியை நிர்வகிக்கவும்.
• தொகுதி ஷிப்பிங் — பெறுநர்களின் CSV-ஐ இறக்குமதி செய்து, சரிபார்த்து, பின்னர் மொத்தமாக கட்டணம் நிர்ணயித்து வாங்கவும்.
• அறிக்கையிடல் — கேரியர் வாரியாக செலவு மற்றும் லேபிள் எண்ணிக்கையை ஒரே பார்வையில் காணவும்.
• டெஸ்ட் மற்றும் புரொடக்ஷன் முறைகள் — ஒரு நிரந்தர பேனர் மற்றும் வாங்குதல் உறுதிப்படுத்தல்கள் டெஸ்ட் மற்றும் நேரடி ஏற்றுமதிகளைத் தெளிவாகப் பிரித்து வைக்கின்றன, இதனால் தவறுதலாக எப்போதும் உண்மையான லேபிள் வாங்கப்படாது.
• வடிவமைப்பிலேயே தனிப்பட்டது — API விசைகள் Windows Credential Manager-இல் சேமிக்கப்படுகின்றன, ஒருபோதும் வெற்று உரையில் அல்ல, மேலும் ஷிப்பிங் தரவு உங்கள் சாதனத்திலேயே இருக்கும். பகுப்பாய்வு இல்லை, டெலிமெட்ரி இல்லை.
• 50 மொழிகளில் கிடைக்கிறது.

தொடங்குதல்: Easy-Post Desktop-க்கு உங்கள் சொந்த EasyPost கணக்கு தேவை. easypost.com-இல் இலவசமாகப் பதிவு செய்து, ஒரு API விசையை உருவாக்கி, முதல் தொடக்கத்தில் அதை ஒட்டவும். எந்த உண்மையான கேரியர் கட்டணங்களும் இல்லாமல் அனைத்தையும் ஆராய டெஸ்ட்-மோட் விசையைப் பயன்படுத்தவும்.","Easy-Post Desktop là bảng điều khiển vận chuyển toàn diện dành cho Windows, được xây dựng trên nền tảng vận chuyển EasyPost. Kết nối tài khoản EasyPost của riêng bạn và quản lý toàn bộ quy trình vận chuyển từ một ứng dụng máy tính gốc, nhanh chóng.

Lưu ý: Easy-Post Desktop là một ứng dụng mã nguồn mở độc lập. Ứng dụng không liên kết, không được chứng thực hay tài trợ bởi EasyPost. Cần có tài khoản EasyPost và khóa API để sử dụng ứng dụng.

Bạn có thể làm gì:

• So sánh giá cước — so sánh giá cước trực tiếp giữa USPS, FedEx, UPS và mọi hãng vận chuyển mà tài khoản EasyPost của bạn hỗ trợ, rồi mua và in nhãn chỉ với vài cú nhấp chuột.
• Sổ địa chỉ — lưu và xác minh địa chỉ, với các trường theo từng quốc gia bao phủ 197 quốc gia.
• Theo dõi — giám sát lô hàng bằng thăm dò tự động, hoặc chọn nhận thông báo đẩy tức thời theo thời gian thực.
• Vận chuyển quốc tế — thu thập đầy đủ thông tin hải quan cho nhãn quốc tế, bao gồm nội dung hải quan chi tiết theo từng mặt hàng.
• Tra cứu HTS — tìm kiếm mã Biểu thuế quan hài hòa trực tiếp từ Ủy ban Thương mại Quốc tế Hoa Kỳ.
• Hoàn tiền, bảo hiểm, lấy hàng và khiếu nại — quản lý toàn bộ vòng đời sau mua hàng mà không cần rời khỏi ứng dụng.
• Vận chuyển theo lô — nhập tệp CSV danh sách người nhận, xác thực, rồi tính giá cước và mua hàng loạt.
• Báo cáo — xem chi tiêu theo hãng vận chuyển và số lượng nhãn trong nháy mắt.
• Chế độ thử nghiệm và chế độ chính thức — một biểu ngữ cố định và các xác nhận mua hàng giúp tách biệt rõ ràng lô hàng thử nghiệm và lô hàng thực, để không bao giờ vô tình mua nhầm nhãn thật.
• Bảo mật theo thiết kế — khóa API được lưu trong Trình quản lý Thông tin xác thực Windows, không bao giờ ở dạng văn bản thuần túy, và dữ liệu vận chuyển vẫn nằm trên thiết bị của bạn. Không phân tích, không đo từ xa.
• Có sẵn bằng 50 ngôn ngữ.

Bắt đầu: Easy-Post Desktop yêu cầu tài khoản EasyPost của riêng bạn. Đăng ký miễn phí tại easypost.com, tạo khóa API và dán khóa đó khi khởi chạy lần đầu. Dùng khóa chế độ thử nghiệm để khám phá mọi thứ mà không phát sinh phí vận chuyển thực.","Easy-Post Desktop는 EasyPost 배송 플랫폼을 기반으로 구축된 Windows용 종합 배송 콘솔입니다. 본인의 EasyPost 계정을 연결하고 하나의 빠른 네이티브 데스크톱 애플리케이션에서 전체 배송 워크플로를 관리하십시오.

참고: Easy-Post Desktop는 독립적인 오픈 소스 애플리케이션입니다. EasyPost와 제휴, 보증 또는 후원 관계가 없습니다. 앱을 사용하려면 EasyPost 계정과 API 키가 필요합니다.

주요 기능:

• 요금 비교 — USPS, FedEx, UPS 및 EasyPost 계정이 지원하는 모든 운송업체의 실시간 요금을 비교한 다음 몇 번의 클릭으로 라벨을 구매하고 인쇄합니다.
• 주소록 — 197개국을 포괄하는 국가별 필드로 주소를 저장하고 확인합니다.
• 추적 — 자동 폴링으로 배송을 모니터링하거나 실시간 즉시 푸시 업데이트를 선택할 수 있습니다.
• 국제 배송 — 항목별 통관 내용을 포함하여 국제 라벨에 필요한 전체 통관 정보를 입력합니다.
• HTS 조회 — 미국 국제무역위원회에서 제공하는 실시간 통일관세율표 코드를 직접 검색합니다.
• 환불, 보험, 픽업 및 클레임 — 앱을 벗어나지 않고 구매 후 전체 수명 주기를 관리합니다.
• 일괄 배송 — 수신인 CSV를 가져와 검증한 다음 대량으로 요금을 산정하고 구매합니다.
• 리포팅 — 운송업체별 지출과 라벨 수를 한눈에 확인합니다.
• 테스트 및 프로덕션 모드 — 고정 배너와 구매 확인을 통해 테스트 배송과 실제 배송을 명확하게 구분하여 실수로 실제 라벨을 구매하는 일이 없습니다.
• 설계 단계부터 프라이버시 보장 — API 키는 일반 텍스트가 아닌 Windows 자격 증명 관리자에 저장되며 배송 데이터는 사용자 기기에 유지됩니다. 분석도, 원격 측정도 없습니다.
• 50개 언어로 제공됩니다.

시작하기: Easy-Post Desktop를 사용하려면 본인의 EasyPost 계정이 필요합니다. easypost.com에서 무료로 가입하고 API 키를 생성한 다음 첫 실행 시 붙여넣으십시오. 테스트 모드 키를 사용하면 실제 운송업체 요금 없이 모든 기능을 살펴볼 수 있습니다.","‏Easy-Post Desktop یک کنسول جامع حمل‌ونقل برای ویندوز است که بر پایه پلتفرم حمل‌ونقل EasyPost ساخته شده است. حساب EasyPost خود را متصل کنید و کل جریان کاری حمل‌ونقل خود را از یک برنامه دسکتاپ بومی و سریع مدیریت کنید.

توجه: ‏Easy-Post Desktop یک برنامه مستقل و متن‌باز است. این برنامه وابسته به EasyPost نبوده و مورد تأیید یا حمایت مالی آن قرار ندارد. برای استفاده از برنامه، داشتن یک حساب EasyPost و کلید API ضروری است.

کارهایی که می‌توانید انجام دهید:

• مقایسه نرخ — نرخ‌های زنده را در USPS، FedEx، UPS و هر شرکت حمل‌ونقلی که حساب EasyPost شما پشتیبانی می‌کند مقایسه کنید، سپس با چند کلیک برچسب‌ها را بخرید و چاپ کنید.
• دفترچه آدرس — آدرس‌ها را ذخیره و تأیید کنید، با فیلدهای متناسب با هر کشور که ۱۹۷ کشور را پوشش می‌دهند.
• ردیابی — محموله‌ها را با فراخوانی خودکار پایش کنید، یا به‌روزرسانی‌های فوری و آنی را انتخاب کنید.
• حمل‌ونقل بین‌المللی — اطلاعات کامل گمرکی را برای برچسب‌های بین‌المللی، از جمله محتویات گمرکی به تفکیک اقلام، ثبت کنید.
• جستجوی HTS — کدهای زنده جدول تعرفه هماهنگ‌شده را مستقیماً از کمیسیون تجارت بین‌الملل ایالات متحده جستجو کنید.
• بازپرداخت‌ها، بیمه، دریافت مرسوله و شکایات — کل چرخه پس از خرید را بدون خروج از برنامه مدیریت کنید.
• حمل‌ونقل دسته‌ای — یک فایل CSV از گیرندگان را وارد کنید، آن را اعتبارسنجی کنید، سپس به‌صورت انبوه نرخ‌گذاری و خرید کنید.
• گزارش‌دهی — هزینه به تفکیک شرکت حمل‌ونقل و تعداد برچسب‌ها را در یک نگاه ببینید.
• حالت‌های آزمایشی و تولیدی — یک بنر دائمی و تأییدیه‌های خرید، محموله‌های آزمایشی و واقعی را به‌طور شفاف از هم جدا نگه می‌دارند، تا هرگز به‌طور تصادفی برچسب واقعی خریداری نشود.
• حریم خصوصی از طریق طراحی — کلیدهای API در Windows Credential Manager ذخیره می‌شوند، هرگز به‌صورت متن ساده نیستند، و داده‌های حمل‌ونقل روی دستگاه شما باقی می‌مانند. بدون تحلیل، بدون تله‌متری.
• در ۵۰ زبان در دسترس است.

شروع به کار: ‏Easy-Post Desktop به حساب EasyPost خودتان نیاز دارد. به‌صورت رایگان در easypost.com ثبت‌نام کنید، یک کلید API بسازید و آن را در نخستین اجرا جای‌گذاری کنید. برای کاوش همه امکانات بدون هیچ هزینه واقعی حمل‌ونقل، از یک کلید حالت آزمایشی استفاده کنید.","Easy-Post Desktop console ne cikakke na aika kaya don Windows, wanda aka gina a kan dandalin aika kaya na EasyPost. Haɗa asusun EasyPost naka kuma sarrafa dukkan tsarin aika kaya naka daga aikace-aikacen desktop ɗaya mai sauri kuma na asali.

Lura: Easy-Post Desktop aikace-aikace ne mai zaman kansa kuma na buɗaɗɗen tushe. Ba ya da alaƙa da EasyPost, ba a amince da shi ba, kuma ba a ɗauki nauyinsa ba daga EasyPost. Ana buƙatar asusun EasyPost da maɓallin API don amfani da aikace-aikacen.

Abin da za ka iya yi:

• Kwatanta farashi — kwatanta farashin kai-tsaye a tsakanin USPS, FedEx, UPS da kowace kamfanin ɗaukar kaya da asusun EasyPost naka ke tallafawa, sannan siya ka buga lambobi cikin ƴan kiliks.
• Littafin adireshi — ajiye kuma tabbatar da adireshi, tare da filayen da suka dace da ƙasa waɗanda suka ƙunshi ƙasashe 197.
• Bibiya — lura da kayan da aka aika ta hanyar bincike ta atomatik, ko shiga cikin sabuntawa nan take na lokaci-lokaci.
• Aika kaya na ƙasa da ƙasa — tattara cikakken bayanin kwastam don lambobin ƙasa da ƙasa, gami da abubuwan kwastam da aka tsara daki-daki.
• Nema na HTS — nemi lambobin Jadawalin Kuɗin Fito da aka Jitu (Harmonized Tariff Schedule) kai-tsaye daga Hukumar Kasuwanci ta Duniya ta Amurka (U.S. International Trade Commission).
• Mayarwar kuɗi, inshora, ɗaukar kaya da da'awa — sarrafa dukkan zagayowar bayan-siyayya ba tare da barin aikace-aikacen ba.
• Aika kaya da yawa — shigo da fayil ɗin CSV na masu karɓa, tabbatar, sannan ka ƙididdige farashi ka siya da yawa.
• Bayar da rahoto — duba kashe kuɗi bisa ga kamfanin ɗaukar kaya da adadin lambobi cikin dubawa ɗaya.
• Yanayin gwaji da samarwa — banner mai dorewa da tabbatar da siyayya suna kiyaye rabewa tsakanin kayan gwaji da kayan kai-tsaye a fili, don kada a taɓa siyan lamba ta gaskiya ba da gangan ba.
• Sirri ta ƙira — ana adana maɓallan API a cikin Manajan Bayanan Shaida na Windows (Windows Credential Manager), ba a matsayin rubutu bayyananne ba, kuma bayanan aika kaya suna nan a na'urarka. Babu bincike, babu telemetry.
• Akwai a cikin harsuna 50.

Fara aiki: Easy-Post Desktop yana buƙatar asusun EasyPost naka. Yi rajista kyauta a easypost.com, ƙirƙiri maɓallin API, kuma liƙa shi a lokacin farawa na farko. Yi amfani da maɓallin yanayin gwaji don bincika komai ba tare da wani caji na kamfanin ɗaukar kaya na gaskiya ba.","Easy-Post Desktop ni kidhibiti kamili cha usafirishaji kwa Windows, kilichojengwa juu ya jukwaa la usafirishaji la EasyPost. Unganisha akaunti yako mwenyewe ya EasyPost na udhibiti mtiririko wako wote wa kazi wa usafirishaji kutoka programu moja ya eneo-kazi ya asili na ya haraka.

Kumbuka: Easy-Post Desktop ni programu huru ya chanzo huria. Haina uhusiano na EasyPost, haijaidhinishwa nayo, wala haifadhiliwi nayo. Akaunti ya EasyPost na ufunguo wa API vinahitajika ili kutumia programu hii.

Unachoweza kufanya:

• Ununuzi wa viwango — linganisha viwango vya moja kwa moja katika USPS, FedEx, UPS na kila mtoa huduma wa usafirishaji anayeungwa mkono na akaunti yako ya EasyPost, kisha ununue na uchapishe lebo kwa mibofyo michache.
• Kitabu cha anwani — hifadhi na uthibitishe anwani, kwa sehemu zinazozingatia nchi zinazogusa nchi 197.
• Ufuatiliaji — fuatilia usafirishaji kwa ukaguzi wa kiotomatiki, au jiunge kupokea masasisho ya papo hapo ya wakati halisi.
• Usafirishaji wa kimataifa — nasa taarifa kamili za forodha kwa lebo za kimataifa, ikiwa ni pamoja na yaliyomo ya forodha yaliyoorodheshwa kwa vipengele.
• Utafutaji wa HTS — tafuta misimbo ya Ratiba ya Ushuru Iliyooanishwa (Harmonized Tariff Schedule) ya moja kwa moja moja kwa moja kutoka Tume ya Biashara ya Kimataifa ya Marekani (U.S. International Trade Commission).
• Marejesho, bima, uchukuaji na madai — dhibiti mzunguko kamili wa maisha baada ya ununuzi bila kuondoka kwenye programu.
• Usafirishaji wa makundi — leta faili ya CSV ya wapokeaji, thibitisha, kisha upange viwango na ununue kwa wingi.
• Ripoti — ona matumizi kwa mtoa huduma wa usafirishaji na idadi ya lebo kwa mtazamo mmoja.
• Hali za majaribio na uzalishaji — bango la kudumu na uthibitisho wa ununuzi vinaweka usafirishaji wa majaribio na wa moja kwa moja tofauti kwa uwazi, ili lebo halisi isinunuliwe kamwe kwa bahati mbaya.
• Faragha kwa muundo — funguo za API zinahifadhiwa katika Kidhibiti cha Vitambulisho cha Windows (Windows Credential Manager), kamwe si kama maandishi wazi, na data ya usafirishaji inabaki kwenye kifaa chako. Hakuna uchanganuzi, hakuna telemetria.
• Inapatikana kwa lugha 50.

Kuanza: Easy-Post Desktop inahitaji akaunti yako mwenyewe ya EasyPost. Jisajili bila malipo katika easypost.com, tengeneza ufunguo wa API, na ubandike wakati wa uzinduzi wa kwanza. Tumia ufunguo wa hali ya majaribio ili kuchunguza kila kitu bila gharama halisi za mtoa huduma wa usafirishaji.","Easy-Post Desktop è una console di spedizione completa per Windows, sviluppata sulla piattaforma di spedizione EasyPost. Collega il tuo account EasyPost e gestisci l'intero flusso di lavoro delle spedizioni da un'unica applicazione desktop nativa e veloce.

Nota: Easy-Post Desktop è un'applicazione indipendente e open source. Non è affiliata, approvata né sponsorizzata da EasyPost. Per utilizzare l'app sono necessari un account EasyPost e una chiave API.

Cosa puoi fare:

• Confronto delle tariffe — confronta le tariffe in tempo reale tra USPS, FedEx, UPS e tutti i corrieri supportati dal tuo account EasyPost, quindi acquista e stampa le etichette con un paio di clic.
• Rubrica indirizzi — salva e verifica gli indirizzi, con campi specifici per paese che coprono 197 paesi.
• Tracciamento — monitora le spedizioni con interrogazione automatica, oppure attiva gli aggiornamenti push istantanei in tempo reale.
• Spedizioni internazionali — acquisisci tutte le informazioni doganali per le etichette internazionali, incluso il contenuto doganale dettagliato.
• Ricerca HTS — cerca i codici in tempo reale della Harmonized Tariff Schedule direttamente dalla U.S. International Trade Commission.
• Rimborsi, assicurazioni, ritiri e reclami — gestisci l'intero ciclo di vita post-acquisto senza uscire dall'app.
• Spedizioni in blocco — importa un CSV di destinatari, convalida, quindi calcola le tariffe e acquista in blocco.
• Reportistica — visualizza la spesa per corriere e il conteggio delle etichette a colpo d'occhio.
• Modalità di test e di produzione — un banner permanente e le conferme di acquisto mantengono le spedizioni di test e quelle reali nettamente separate, così un'etichetta reale non viene mai acquistata per errore.
• Privato per progettazione — le chiavi API vengono archiviate in Windows Credential Manager, mai in testo semplice, e i dati di spedizione rimangono sul tuo dispositivo. Nessuna analisi, nessuna telemetria.
• Disponibile in 50 lingue.

Come iniziare: Easy-Post Desktop richiede il tuo account EasyPost. Registrati gratuitamente su easypost.com, genera una chiave API e incollala al primo avvio. Usa una chiave in modalità test per esplorare tutto senza costi reali del corriere.","Easy-Post Desktop, EasyPost ਸ਼ਿਪਿੰਗ ਪਲੇਟਫਾਰਮ ਉੱਤੇ ਬਣਿਆ, Windows ਲਈ ਇੱਕ ਵਿਆਪਕ ਸ਼ਿਪਿੰਗ ਕੰਸੋਲ ਹੈ। ਆਪਣਾ ਖੁਦ ਦਾ EasyPost ਖਾਤਾ ਜੋੜੋ ਅਤੇ ਆਪਣੇ ਪੂਰੇ ਸ਼ਿਪਿੰਗ ਵਰਕਫਲੋ ਨੂੰ ਇੱਕ ਤੇਜ਼, ਨੇਟਿਵ ਡੈਸਕਟਾਪ ਐਪਲੀਕੇਸ਼ਨ ਤੋਂ ਸੰਭਾਲੋ।

ਨੋਟ: Easy-Post Desktop ਇੱਕ ਸੁਤੰਤਰ, ਓਪਨ-ਸੋਰਸ ਐਪਲੀਕੇਸ਼ਨ ਹੈ। ਇਹ EasyPost ਨਾਲ ਸੰਬੰਧਿਤ ਨਹੀਂ ਹੈ, ਨਾ ਹੀ ਇਸ ਦੁਆਰਾ ਸਮਰਥਿਤ ਜਾਂ ਪ੍ਰਾਯੋਜਿਤ ਹੈ। ਐਪ ਵਰਤਣ ਲਈ ਇੱਕ EasyPost ਖਾਤਾ ਅਤੇ API ਕੁੰਜੀ ਲੋੜੀਂਦੀ ਹੈ।

ਤੁਸੀਂ ਕੀ ਕਰ ਸਕਦੇ ਹੋ:

• ਰੇਟ ਸ਼ਾਪਿੰਗ — USPS, FedEx, UPS ਅਤੇ ਤੁਹਾਡੇ EasyPost ਖਾਤੇ ਦੁਆਰਾ ਸਮਰਥਿਤ ਹਰ ਕੈਰੀਅਰ ਵਿੱਚ ਲਾਈਵ ਰੇਟਾਂ ਦੀ ਤੁਲਨਾ ਕਰੋ, ਫਿਰ ਕੁਝ ਕੁ ਕਲਿੱਕਾਂ ਵਿੱਚ ਲੇਬਲ ਖਰੀਦੋ ਅਤੇ ਪ੍ਰਿੰਟ ਕਰੋ।
• ਪਤਾ ਪੁਸਤਕ — ਪਤੇ ਸੰਭਾਲੋ ਅਤੇ ਤਸਦੀਕ ਕਰੋ, 197 ਦੇਸ਼ਾਂ ਨੂੰ ਕਵਰ ਕਰਦੇ ਦੇਸ਼-ਅਧਾਰਿਤ ਖੇਤਰਾਂ ਨਾਲ।
• ਟ੍ਰੈਕਿੰਗ — ਆਟੋਮੈਟਿਕ ਪੋਲਿੰਗ ਨਾਲ ਸ਼ਿਪਮੈਂਟਾਂ ਦੀ ਨਿਗਰਾਨੀ ਕਰੋ, ਜਾਂ ਤੁਰੰਤ ਰੀਅਲ-ਟਾਈਮ ਪੁਸ਼ ਅੱਪਡੇਟਾਂ ਲਈ ਚੋਣ ਕਰੋ।
• ਅੰਤਰਰਾਸ਼ਟਰੀ ਸ਼ਿਪਿੰਗ — ਅੰਤਰਰਾਸ਼ਟਰੀ ਲੇਬਲਾਂ ਲਈ ਪੂਰੀ ਕਸਟਮ ਜਾਣਕਾਰੀ ਹਾਸਲ ਕਰੋ, ਜਿਸ ਵਿੱਚ ਵਸਤੂ-ਵਾਰ ਕਸਟਮ ਸਮੱਗਰੀ ਸ਼ਾਮਲ ਹੈ।
• HTS ਖੋਜ — U.S. International Trade Commission ਤੋਂ ਸਿੱਧੇ ਲਾਈਵ Harmonized Tariff Schedule ਕੋਡ ਖੋਜੋ।
• ਰਿਫੰਡ, ਬੀਮਾ, ਪਿਕਅੱਪ ਅਤੇ ਦਾਅਵੇ — ਐਪ ਛੱਡੇ ਬਿਨਾਂ ਪੂਰੇ ਖਰੀਦ-ਬਾਅਦ ਜੀਵਨ-ਚੱਕਰ ਨੂੰ ਸੰਭਾਲੋ।
• ਬੈਚ ਸ਼ਿਪਿੰਗ — ਪ੍ਰਾਪਤਕਰਤਾਵਾਂ ਦੀ ਇੱਕ CSV ਆਯਾਤ ਕਰੋ, ਪ੍ਰਮਾਣਿਤ ਕਰੋ, ਫਿਰ ਥੋਕ ਵਿੱਚ ਰੇਟ ਲਓ ਅਤੇ ਖਰੀਦੋ।
• ਰਿਪੋਰਟਿੰਗ — ਇੱਕ ਨਜ਼ਰ ਵਿੱਚ ਕੈਰੀਅਰ ਅਨੁਸਾਰ ਖਰਚ ਅਤੇ ਲੇਬਲ ਗਿਣਤੀਆਂ ਵੇਖੋ।
• ਟੈਸਟ ਅਤੇ ਪ੍ਰੋਡਕਸ਼ਨ ਮੋਡ — ਇੱਕ ਸਥਾਈ ਬੈਨਰ ਅਤੇ ਖਰੀਦ ਪੁਸ਼ਟੀਆਂ ਟੈਸਟ ਅਤੇ ਲਾਈਵ ਸ਼ਿਪਮੈਂਟਾਂ ਨੂੰ ਸਾਫ਼-ਸੁਥਰੇ ਢੰਗ ਨਾਲ ਵੱਖ ਰੱਖਦੀਆਂ ਹਨ, ਤਾਂ ਜੋ ਗਲਤੀ ਨਾਲ ਕਦੇ ਵੀ ਅਸਲੀ ਲੇਬਲ ਨਾ ਖਰੀਦਿਆ ਜਾਵੇ।
• ਡਿਜ਼ਾਈਨ ਵੱਲੋਂ ਨਿੱਜੀ — API ਕੁੰਜੀਆਂ Windows Credential Manager ਵਿੱਚ ਸੰਭਾਲੀਆਂ ਜਾਂਦੀਆਂ ਹਨ, ਕਦੇ ਵੀ ਸਾਦੇ ਟੈਕਸਟ ਵਿੱਚ ਨਹੀਂ, ਅਤੇ ਸ਼ਿਪਿੰਗ ਡਾਟਾ ਤੁਹਾਡੇ ਡਿਵਾਈਸ ਉੱਤੇ ਹੀ ਰਹਿੰਦਾ ਹੈ। ਕੋਈ ਵਿਸ਼ਲੇਸ਼ਣ ਨਹੀਂ, ਕੋਈ ਟੈਲੀਮੈਟਰੀ ਨਹੀਂ।
• 50 ਭਾਸ਼ਾਵਾਂ ਵਿੱਚ ਉਪਲਬਧ।

ਸ਼ੁਰੂਆਤ ਕਿਵੇਂ ਕਰੀਏ: Easy-Post Desktop ਲਈ ਤੁਹਾਡਾ ਆਪਣਾ EasyPost ਖਾਤਾ ਲੋੜੀਂਦਾ ਹੈ। easypost.com ਉੱਤੇ ਮੁਫ਼ਤ ਸਾਈਨ ਅੱਪ ਕਰੋ, ਇੱਕ API ਕੁੰਜੀ ਤਿਆਰ ਕਰੋ, ਅਤੇ ਪਹਿਲੀ ਵਾਰ ਸ਼ੁਰੂ ਕਰਨ ਵੇਲੇ ਇਸ ਨੂੰ ਪੇਸਟ ਕਰੋ। ਕਿਸੇ ਵੀ ਅਸਲੀ ਕੈਰੀਅਰ ਖਰਚ ਬਿਨਾਂ ਸਭ ਕੁਝ ਪਰਖਣ ਲਈ ਇੱਕ ਟੈਸਟ-ਮੋਡ ਕੁੰਜੀ ਵਰਤੋ।","Easy-Post Desktop એ EasyPost શિપિંગ પ્લેટફોર્મ પર બનેલું, Windows માટેનું એક વ્યાપક શિપિંગ કન્સોલ છે. તમારું પોતાનું EasyPost ખાતું જોડો અને તમારા સમગ્ર શિપિંગ વર્કફ્લોને એક ઝડપી, નેટિવ ડેસ્કટૉપ એપ્લિકેશનમાંથી સંભાળો.

નોંધ: Easy-Post Desktop એ એક સ્વતંત્ર, ઓપન-સોર્સ એપ્લિકેશન છે. તે EasyPost સાથે સંલગ્ન નથી, ન તો તેના દ્વારા સમર્થિત કે પ્રાયોજિત છે. એપ વાપરવા માટે EasyPost ખાતું અને API કી જરૂરી છે.

તમે શું કરી શકો છો:

• રેટ શોપિંગ — USPS, FedEx, UPS અને તમારું EasyPost ખાતું સમર્થન આપતું દરેક કેરિયર પર લાઇવ રેટની સરખામણી કરો, પછી થોડા ક્લિકમાં લેબલ ખરીદો અને પ્રિન્ટ કરો.
• સરનામાં પુસ્તિકા — સરનામાં સાચવો અને ચકાસો, 197 દેશોને આવરી લેતા દેશ-આધારિત ક્ષેત્રો સાથે.
• ટ્રેકિંગ — સ્વયંસંચાલિત પોલિંગ સાથે શિપમેન્ટ પર દેખરેખ રાખો, અથવા તાત્કાલિક રિયલ-ટાઇમ પુશ અપડેટ્સ માટે પસંદ કરો.
• આંતરરાષ્ટ્રીય શિપિંગ — આંતરરાષ્ટ્રીય લેબલ માટે સંપૂર્ણ કસ્ટમ્સ માહિતી મેળવો, જેમાં વસ્તુ-વાર કસ્ટમ્સ સામગ્રી શામેલ છે.
• HTS શોધ — U.S. International Trade Commission પરથી સીધા લાઇવ Harmonized Tariff Schedule કોડ શોધો.
• રિફંડ, વીમો, પિકઅપ અને દાવા — એપ છોડ્યા વિના સંપૂર્ણ ખરીદી-પછીના જીવનચક્રનું સંચાલન કરો.
• બેચ શિપિંગ — પ્રાપ્તકર્તાઓની CSV આયાત કરો, માન્ય કરો, પછી જથ્થાબંધ રેટ મેળવો અને ખરીદો.
• રિપોર્ટિંગ — એક નજરમાં કેરિયર પ્રમાણે ખર્ચ અને લેબલ ગણતરી જુઓ.
• ટેસ્ટ અને પ્રોડક્શન મોડ — એક કાયમી બેનર અને ખરીદી પુષ્ટિઓ ટેસ્ટ અને લાઇવ શિપમેન્ટને સ્વચ્છ રીતે અલગ રાખે છે, જેથી ભૂલથી કદી અસલી લેબલ ખરીદાય નહીં.
• ડિઝાઇનથી જ ખાનગી — API કીઓ Windows Credential Manager માં સાચવવામાં આવે છે, ક્યારેય સાદા ટેક્સ્ટમાં નહીં, અને શિપિંગ ડેટા તમારા ઉપકરણ પર જ રહે છે. કોઈ એનાલિટિક્સ નહીં, કોઈ ટેલિમેટ્રી નહીં.
• 50 ભાષાઓમાં ઉપલબ્ધ.

શરૂઆત કેવી રીતે કરવી: Easy-Post Desktop માટે તમારું પોતાનું EasyPost ખાતું જરૂરી છે. easypost.com પર મફત સાઇન અપ કરો, એક API કી બનાવો, અને પ્રથમ વખત શરૂ કરતી વખતે તેને પેસ્ટ કરો. કોઈ પણ અસલી કેરિયર ચાર્જ વિના બધું જ ચકાસવા માટે ટેસ્ટ-મોડ કી વાપરો.","Easy-Post Desktop ለ Windows የተሠራ ሁሉን አቀፍ የመላኪያ ኮንሶል ሲሆን፣ በ EasyPost የመላኪያ መድረክ ላይ የተገነባ ነው። የራስዎን የ EasyPost መለያ ያገናኙ እና ሙሉ የመላኪያ የሥራ ሂደትዎን ከአንድ ፈጣን፣ ኦሪጅናል የዴስክቶፕ መተግበሪያ ያስተዳድሩ።

ማስታወሻ፦ Easy-Post Desktop ራሱን የቻለ፣ ክፍት-ምንጭ መተግበሪያ ነው። ከ EasyPost ጋር ግንኙነት የለውም፣ በእሱ አልተደገፈም ወይም አልተስፖንሰር አልተደረገም። መተግበሪያውን ለመጠቀም የ EasyPost መለያ እና የ API ቁልፍ ያስፈልጋሉ።

ማድረግ የሚችሉት፦

• የዋጋ ንፅፅር — በ USPS፣ FedEx፣ UPS እና የ EasyPost መለያዎ በሚደግፈው እያንዳንዱ አጓጓዥ ላይ ቀጥታ ዋጋዎችን ያወዳድሩ፣ ከዚያም በጥቂት ጠቅታዎች መለያዎችን ይግዙ እና ያትሙ።
• የአድራሻ መዝገብ — አድራሻዎችን ያስቀምጡ እና ያረጋግጡ፣ 197 አገሮችን በሚሸፍኑ አገር-ተኮር መስኮች።
• ክትትል — መላኪያዎችን በራስ-ሰር ማጣራት ይከታተሉ፣ ወይም ወደ ፈጣን የቅፅበት ግፊት ዝማኔዎች ይመዝገቡ።
• ዓለም አቀፍ መላኪያ — ለዓለም አቀፍ መለያዎች ሙሉ የጉምሩክ መረጃ ይያዙ፣ ዝርዝር የጉምሩክ ይዘቶችን ጨምሮ።
• የ HTS ፍለጋ — ቀጥታ የተጣጣመ የታሪፍ መርሃ ግብር (Harmonized Tariff Schedule) ኮዶችን ከዩ.ኤስ. ዓለም አቀፍ የንግድ ኮሚሽን (U.S. International Trade Commission) በቀጥታ ይፈልጉ።
• ተመላሾች፣ ኢንሹራንስ፣ አነሳሶች እና ይገባኛል ጥያቄዎች — ከመተግበሪያው ሳይወጡ ሙሉ ከግዢ-በኋላ የሕይወት ዑደትን ያስተዳድሩ።
• የጅምላ መላኪያ — የተቀባዮች CSV ፋይል ያስገቡ፣ ያረጋግጡ፣ ከዚያም በጅምላ ዋጋ ያውጡ እና ይግዙ።
• ሪፖርት ማድረግ — በአንድ እይታ በአጓጓዥ የወጪ እና የመለያ ብዛቶችን ይመልከቱ።
• የሙከራ እና የምርት ሁነታዎች — ቋሚ ባነር እና የግዢ ማረጋገጫዎች የሙከራ እና ቀጥታ መላኪያዎችን በንፅህና ተለያይተው ያቆያሉ፣ ስለዚህ እውነተኛ መለያ በስህተት ፈጽሞ አይገዛም።
• በንድፍ የግል — የ API ቁልፎች በ Windows Credential Manager ውስጥ ይቀመጣሉ፣ ፈጽሞ በግልጽ ጽሑፍ አይደለም፣ እና የመላኪያ ውሂብ በመሣሪያዎ ላይ ይቆያል። ምንም ትንታኔ የለም፣ ምንም ቴሌሜትሪ የለም።
• በ50 ቋንቋዎች ይገኛል።

መጀመር፦ Easy-Post Desktop የራስዎን የ EasyPost መለያ ይፈልጋል። በ easypost.com ላይ በነጻ ይመዝገቡ፣ የ API ቁልፍ ያመንጩ፣ እና በመጀመሪያ ማስጀመሪያ ላይ ይለጥፉት። ያለ ምንም እውነተኛ የአጓጓዥ ክፍያ ሁሉንም ነገር ለመዳሰስ የሙከራ-ሁነታ ቁልፍ ይጠቀሙ።","Easy-Post Desktop คือคอนโซลการจัดส่งแบบครบวงจรสำหรับ Windows ที่สร้างขึ้นบนแพลตฟอร์มการจัดส่ง EasyPost เชื่อมต่อบัญชี EasyPost ของคุณเองและจัดการเวิร์กโฟลว์การจัดส่งทั้งหมดจากแอปพลิเคชันเดสก์ท็อปแบบเนทีฟที่รวดเร็วเพียงแอปเดียว

หมายเหตุ: Easy-Post Desktop เป็นแอปพลิเคชันโอเพนซอร์สอิสระ ไม่ได้มีส่วนเกี่ยวข้อง ไม่ได้รับการรับรอง หรือได้รับการสนับสนุนจาก EasyPost จำเป็นต้องมีบัญชี EasyPost และคีย์ API เพื่อใช้งานแอป

สิ่งที่คุณทำได้:

• เปรียบเทียบอัตราค่าจัดส่ง — เปรียบเทียบอัตราค่าจัดส่งแบบเรียลไทม์ระหว่าง USPS, FedEx, UPS และผู้ให้บริการขนส่งทุกรายที่บัญชี EasyPost ของคุณรองรับ จากนั้นซื้อและพิมพ์ฉลากได้ในไม่กี่คลิก
• สมุดที่อยู่ — บันทึกและตรวจสอบที่อยู่ ด้วยช่องข้อมูลที่ปรับตามแต่ละประเทศ ครอบคลุม 197 ประเทศ
• การติดตาม — ติดตามพัสดุด้วยการตรวจสอบอัตโนมัติ หรือเลือกรับการแจ้งเตือนแบบพุชทันทีตามเวลาจริง
• การจัดส่งระหว่างประเทศ — บันทึกข้อมูลศุลกากรครบถ้วนสำหรับฉลากระหว่างประเทศ รวมถึงรายละเอียดเนื้อหาศุลกากรแยกตามรายการ
• ค้นหา HTS — ค้นหารหัสพิกัดอัตราศุลกากรฮาร์โมไนซ์แบบเรียลไทม์ได้โดยตรงจากคณะกรรมาธิการการค้าระหว่างประเทศแห่งสหรัฐอเมริกา
• การคืนเงิน ประกันภัย การเข้ารับพัสดุ และการเรียกร้องค่าสินไหม — จัดการวงจรหลังการซื้อทั้งหมดโดยไม่ต้องออกจากแอป
• การจัดส่งเป็นชุด — นำเข้าไฟล์ CSV ของผู้รับ ตรวจสอบความถูกต้อง จากนั้นคำนวณอัตราและซื้อแบบเป็นชุด
• การรายงาน — ดูค่าใช้จ่ายแยกตามผู้ให้บริการขนส่งและจำนวนฉลากได้ในพริบตา
• โหมดทดสอบและโหมดใช้งานจริง — แบนเนอร์ถาวรและการยืนยันการซื้อช่วยแยกการจัดส่งแบบทดสอบและแบบใช้งานจริงออกจากกันอย่างชัดเจน เพื่อไม่ให้มีการซื้อฉลากจริงโดยไม่ตั้งใจ
• ออกแบบมาเพื่อความเป็นส่วนตัว — คีย์ API จะถูกจัดเก็บใน Windows Credential Manager ไม่เก็บเป็นข้อความธรรมดา และข้อมูลการจัดส่งยังคงอยู่บนอุปกรณ์ของคุณ ไม่มีการวิเคราะห์ ไม่มีการวัดและส่งข้อมูลระยะไกล
• มีให้บริการใน 50 ภาษา

เริ่มต้นใช้งาน: Easy-Post Desktop ต้องใช้บัญชี EasyPost ของคุณเอง สมัครฟรีที่ easypost.com สร้างคีย์ API และวางคีย์เมื่อเปิดใช้งานครั้งแรก ใช้คีย์โหมดทดสอบเพื่อสำรวจทุกฟีเจอร์โดยไม่มีค่าบริการขนส่งจริง","Easy-Post Desktop ಎಂಬುದು EasyPost ಶಿಪ್ಪಿಂಗ್ ವೇದಿಕೆಯ ಮೇಲೆ ನಿರ್ಮಿತವಾದ, Windows ಗಾಗಿ ಒಂದು ಸಮಗ್ರ ಶಿಪ್ಪಿಂಗ್ ಕನ್ಸೋಲ್ ಆಗಿದೆ. ನಿಮ್ಮ ಸ್ವಂತ EasyPost ಖಾತೆಯನ್ನು ಸಂಪರ್ಕಿಸಿ ಮತ್ತು ನಿಮ್ಮ ಸಂಪೂರ್ಣ ಶಿಪ್ಪಿಂಗ್ ವರ್ಕ್‌ಫ್ಲೋ ಅನ್ನು ಒಂದೇ ವೇಗದ, ನೇಟಿವ್ ಡೆಸ್ಕ್‌ಟಾಪ್ ಅಪ್ಲಿಕೇಶನ್‌ನಿಂದ ನಿರ್ವಹಿಸಿ.

ಗಮನಿಸಿ: Easy-Post Desktop ಒಂದು ಸ್ವತಂತ್ರ, ಓಪನ್-ಸೋರ್ಸ್ ಅಪ್ಲಿಕೇಶನ್. ಇದು EasyPost ಜೊತೆ ಸಂಬಂಧ ಹೊಂದಿಲ್ಲ, ಅದರಿಂದ ಅನುಮೋದಿತವಾಗಿಲ್ಲ ಅಥವಾ ಪ್ರಾಯೋಜಿತವಾಗಿಲ್ಲ. ಅಪ್ಲಿಕೇಶನ್ ಬಳಸಲು EasyPost ಖಾತೆ ಮತ್ತು API ಕೀ ಅಗತ್ಯವಿದೆ.

ನೀವು ಏನು ಮಾಡಬಹುದು:

• ರೇಟ್ ಶಾಪಿಂಗ್ — USPS, FedEx, UPS ಮತ್ತು ನಿಮ್ಮ EasyPost ಖಾತೆ ಬೆಂಬಲಿಸುವ ಪ್ರತಿ ಕ್ಯಾರಿಯರ್‌ನಾದ್ಯಂತ ಲೈವ್ ದರಗಳನ್ನು ಹೋಲಿಸಿ, ನಂತರ ಕೆಲವೇ ಕ್ಲಿಕ್‌ಗಳಲ್ಲಿ ಲೇಬಲ್‌ಗಳನ್ನು ಖರೀದಿಸಿ ಮತ್ತು ಮುದ್ರಿಸಿ.
• ವಿಳಾಸ ಪುಸ್ತಕ — 197 ದೇಶಗಳನ್ನು ಒಳಗೊಂಡ ದೇಶ-ಆಧಾರಿತ ಕ್ಷೇತ್ರಗಳೊಂದಿಗೆ ವಿಳಾಸಗಳನ್ನು ಉಳಿಸಿ ಮತ್ತು ಪರಿಶೀಲಿಸಿ.
• ಟ್ರ್ಯಾಕಿಂಗ್ — ಸ್ವಯಂಚಾಲಿತ ಪೋಲಿಂಗ್ ಮೂಲಕ ಶಿಪ್‌ಮೆಂಟ್‌ಗಳನ್ನು ಮೇಲ್ವಿಚಾರಣೆ ಮಾಡಿ, ಅಥವಾ ತಕ್ಷಣದ ರಿಯಲ್-ಟೈಮ್ ಪುಶ್ ಅಪ್‌ಡೇಟ್‌ಗಳಿಗೆ ಆಯ್ಕೆ ಮಾಡಿ.
• ಅಂತರರಾಷ್ಟ್ರೀಯ ಶಿಪ್ಪಿಂಗ್ — ಅಂತರರಾಷ್ಟ್ರೀಯ ಲೇಬಲ್‌ಗಳಿಗಾಗಿ, ವಸ್ತು-ವಾರು ಕಸ್ಟಮ್ಸ್ ವಿಷಯಗಳನ್ನೊಳಗೊಂಡಂತೆ, ಸಂಪೂರ್ಣ ಕಸ್ಟಮ್ಸ್ ಮಾಹಿತಿಯನ್ನು ಸೆರೆಹಿಡಿಯಿರಿ.
• HTS ಹುಡುಕಾಟ — U.S. International Trade Commission ನಿಂದ ನೇರವಾಗಿ ಲೈವ್ Harmonized Tariff Schedule ಕೋಡ್‌ಗಳನ್ನು ಹುಡುಕಿ.
• ಮರುಪಾವತಿ, ವಿಮೆ, ಪಿಕಪ್ ಮತ್ತು ಕ್ಲೇಮ್‌ಗಳು — ಅಪ್ಲಿಕೇಶನ್ ಬಿಡದೆ ಸಂಪೂರ್ಣ ಖರೀದಿ-ನಂತರದ ಜೀವನಚಕ್ರವನ್ನು ನಿರ್ವಹಿಸಿ.
• ಬ್ಯಾಚ್ ಶಿಪ್ಪಿಂಗ್ — ಸ್ವೀಕರಿಸುವವರ CSV ಆಮದು ಮಾಡಿ, ಮೌಲ್ಯೀಕರಿಸಿ, ನಂತರ ಸಗಟು ದರ ಪಡೆದು ಖರೀದಿಸಿ.
• ವರದಿ — ಒಂದೇ ನೋಟದಲ್ಲಿ ಕ್ಯಾರಿಯರ್ ಪ್ರಕಾರ ಖರ್ಚು ಮತ್ತು ಲೇಬಲ್ ಸಂಖ್ಯೆಗಳನ್ನು ನೋಡಿ.
• ಟೆಸ್ಟ್ ಮತ್ತು ಪ್ರೊಡಕ್ಷನ್ ಮೋಡ್‌ಗಳು — ಒಂದು ಶಾಶ್ವತ ಬ್ಯಾನರ್ ಮತ್ತು ಖರೀದಿ ದೃಢೀಕರಣಗಳು ಟೆಸ್ಟ್ ಮತ್ತು ಲೈವ್ ಶಿಪ್‌ಮೆಂಟ್‌ಗಳನ್ನು ಸ್ವಚ್ಛವಾಗಿ ಪ್ರತ್ಯೇಕಿಸಿ ಇಡುತ್ತವೆ, ಆದ್ದರಿಂದ ಆಕಸ್ಮಿಕವಾಗಿ ನಿಜವಾದ ಲೇಬಲ್ ಎಂದಿಗೂ ಖರೀದಿಯಾಗುವುದಿಲ್ಲ.
• ವಿನ್ಯಾಸದಿಂದಲೇ ಖಾಸಗಿ — API ಕೀಗಳನ್ನು Windows Credential Manager ನಲ್ಲಿ ಸಂಗ್ರಹಿಸಲಾಗುತ್ತದೆ, ಎಂದಿಗೂ ಸರಳ ಪಠ್ಯದಲ್ಲಿ ಅಲ್ಲ, ಮತ್ತು ಶಿಪ್ಪಿಂಗ್ ಡೇಟಾ ನಿಮ್ಮ ಸಾಧನದಲ್ಲೇ ಉಳಿಯುತ್ತದೆ. ಯಾವುದೇ ಅನಾಲಿಟಿಕ್ಸ್ ಇಲ್ಲ, ಯಾವುದೇ ಟೆಲಿಮೆಟ್ರಿ ಇಲ್ಲ.
• 50 ಭಾಷೆಗಳಲ್ಲಿ ಲಭ್ಯ.

ಪ್ರಾರಂಭಿಸುವುದು: Easy-Post Desktop ಗೆ ನಿಮ್ಮ ಸ್ವಂತ EasyPost ಖಾತೆ ಅಗತ್ಯವಿದೆ. easypost.com ನಲ್ಲಿ ಉಚಿತವಾಗಿ ಸೈನ್ ಅಪ್ ಮಾಡಿ, ಒಂದು API ಕೀ ರಚಿಸಿ, ಮತ್ತು ಮೊದಲ ಬಾರಿ ಪ್ರಾರಂಭಿಸುವಾಗ ಅದನ್ನು ಪೇಸ್ಟ್ ಮಾಡಿ. ಯಾವುದೇ ನಿಜವಾದ ಕ್ಯಾರಿಯರ್ ಶುಲ್ಕವಿಲ್ಲದೆ ಎಲ್ಲವನ್ನೂ ಅನ್ವೇಷಿಸಲು ಟೆಸ್ಟ್-ಮೋಡ್ ಕೀ ಬಳಸಿ.","Easy-Post Desktop jẹ́ ohun-èlò ìfiránṣẹ́ ẹrù tí ó péye fún Windows, tí a kọ́ sórí pẹpẹ ìfiránṣẹ́ ẹrù EasyPost. So àkọ́ọ̀lẹ̀ EasyPost tìrẹ pọ̀, kí o sì ṣàkóso gbogbo ìlànà ìfiránṣẹ́ ẹrù rẹ láti inú ohun-èlò tábìlì-tabìlì kan tí ó yára, tí ó sì jẹ́ ti abínibí.

Àkíyèsí: Easy-Post Desktop jẹ́ ohun-èlò aládàáṣe, orísun-ṣíṣí. Kò ní àjọṣepọ̀ pẹ̀lú, kò sì fọwọ́sí tàbí gba ìrànwọ́ owó láti ọ̀dọ̀ EasyPost. Àkọ́ọ̀lẹ̀ EasyPost àti kọ́kọ́rọ́ API ni a nílò láti lo ohun-èlò náà.

Ohun tí o lè ṣe:

• Ìfiwéra iye owó — fi ìwọ̀n owó gidi wé ara wọn kọjá USPS, FedEx, UPS àti gbogbo aláfiránṣẹ́ tí àkọ́ọ̀lẹ̀ EasyPost rẹ ń fọwọ́sí, lẹ́yìn náà rà kí o sì tẹ àwọn àmì-ìdámọ̀ jáde nínú ìtẹ̀ díẹ̀.
• Ìwé àdírẹ́sì — fi àwọn àdírẹ́sì pamọ́ kí o sì fọwọ́sí wọn, pẹ̀lú àwọn pápá tí ó mọ orílẹ̀-èdè tí ó bo orílẹ̀-èdè 197.
• Ìtọpinpin — máa ṣọ́ àwọn ẹrù ìfiránṣẹ́ pẹ̀lú ìbéèrè aládàáṣe, tàbí yàn láti gba ìsọfúnni tuntun lẹ́sẹ̀kẹsẹ̀ ní àkókò gidi.
• Ìfiránṣẹ́ ẹrù àgbáyé — gba gbogbo ìsọfúnni kọ́sítọ́mù fún àwọn àmì-ìdámọ̀ àgbáyé, pẹ̀lú àwọn ohun èlò kọ́sítọ́mù tí a tò lẹ́sẹẹsẹ.
• Ìwádìí HTS — wá àwọn kóòdù Harmonized Tariff Schedule gidi tààrà láti ọwọ́ U.S. International Trade Commission.
• Àbọ̀wó, ìdánilójú, ìkónàgbà àti ẹ̀bẹ̀ — ṣàkóso gbogbo ìgbésí-ayé lẹ́yìn-rírà láìsí kúrò nínú ohun-èlò náà.
• Ìfiránṣẹ́ ẹrù ní ìdìpọ̀ — gbé àkọsílẹ̀ CSV ti àwọn olùgbà wọlé, fọwọ́sí, lẹ́yìn náà fi iye owó sí wọn ní ìdìpọ̀ kí o sì rà.
• Ìròyìn — rí ìnáwó nípasẹ̀ aláfiránṣẹ́ àti iye àmì-ìdámọ̀ ní ojú kan.
• Ìpò àdánwò àti ìpò iṣẹ́ gidi — àsíá tí ó dúró àti ìjẹ́rìí rírà ń mú àwọn ẹrù àdánwò àti ẹrù gidi yà sọ́tọ̀ ní mímọ́, kí a má bàa rà àmì-ìdámọ̀ gidi láìmọ̀ọ́mọ̀.
• Aládàáṣe fún àṣírí — a fi àwọn kọ́kọ́rọ́ API pamọ́ sínú Windows Credential Manager, kì í ṣe ní ọ̀rọ̀ tí ó hàn gbangba, ìsọfúnni ìfiránṣẹ́ ẹrù sì dúró sórí ẹ̀rọ rẹ. Kò sí ìtúpalẹ̀, kò sí telemetry.
• Wà ní èdè 50.

Bíbẹ̀rẹ̀: Easy-Post Desktop nílò àkọ́ọ̀lẹ̀ EasyPost tìrẹ. Forúkọsílẹ̀ lọ́fẹ̀ẹ́ ní easypost.com, ṣẹ̀dá kọ́kọ́rọ́ API kan, kí o sì lẹ̀ ẹ́ nígbà ìfilọ́lẹ̀ àkọ́kọ́. Lo kọ́kọ́rọ́ ìpò-àdánwò láti ṣàwárí ohun gbogbo láìsí àwọn owó gidi láti ọ̀dọ̀ aláfiránṣẹ́.","Easy-Post Desktop — bu EasyPost yetkazib berish platformasi asosida qurilgan Windows uchun keng qamrovli yetkazib berish konsoli. Oʻzingizning EasyPost hisobingizni ulang va butun yetkazib berish jarayoningizni bitta tez, mahalliy ish stoli ilovasidan boshqaring.

Eslatma: Easy-Post Desktop mustaqil, ochiq kodli ilovadir. U EasyPost bilan aloqador emas, u tomonidan maʼqullanmagan yoki homiylik qilinmagan. Ilovadan foydalanish uchun EasyPost hisobi va API kaliti talab qilinadi.

Siz nima qila olasiz:

• Tarif tanlash — USPS, FedEx, UPS va EasyPost hisobingiz qoʻllab-quvvatlaydigan har bir tashuvchi boʻyicha jonli tariflarni solishtiring, soʻngra bir necha marta bosish bilan yorliqlarni sotib oling va chop eting.
• Manzillar kitobi — 197 mamlakatni qamrab olgan mamlakatga moslashgan maydonlar bilan manzillarni saqlang va tekshiring.
• Kuzatuv — joʻnatmalarni avtomatik soʻrov orqali kuzating yoki real vaqtdagi lahzali push yangilanishlariga obuna boʻling.
• Xalqaro yetkazib berish — xalqaro yorliqlar uchun bandma-band bojxona tarkibini oʻz ichiga olgan toʻliq bojxona maʼlumotlarini kiriting.
• HTS qidiruvi — Amerika Qoʻshma Shtatlari Xalqaro Savdo Komissiyasidan toʻgʻridan-toʻgʻri jonli Uygʻunlashtirilgan tarif jadvali kodlarini qidiring.
• Qaytarishlar, sugʻurta, olib ketishlar va daʼvolar — ilovadan chiqmasdan turib sotib olingandan keyingi toʻliq hayot davrini boshqaring.
• Ommaviy yetkazib berish — qabul qiluvchilarning CSV faylini import qiling, tekshiring, soʻngra ommaviy tarzda tariflang va sotib oling.
• Hisobot — tashuvchi boʻyicha xarajatlar va yorliqlar sonini bir qarashda koʻring.
• Sinov va ishlab chiqarish rejimlari — doimiy banner va sotib olishni tasdiqlashlar sinov va jonli joʻnatmalarni aniq ajratib turadi, shuning uchun haqiqiy yorliq hech qachon tasodifan sotib olinmaydi.
• Dizayn boʻyicha maxfiy — API kalitlari Windows hisob maʼlumotlari menejerida saqlanadi, hech qachon oddiy matnda emas, yetkazib berish maʼlumotlari esa qurilmangizda qoladi. Tahlil yoʻq, telemetriya yoʻq.
• 50 tilda mavjud.

Boshlash: Easy-Post Desktop oʻzingizning EasyPost hisobingizni talab qiladi. easypost.com saytida bepul roʻyxatdan oʻting, API kalitini yarating va uni birinchi ishga tushirishda joylashtiring. Haqiqiy tashuvchi toʻlovlarisiz hamma narsani oʻrganish uchun sinov rejimi kalitidan foydalaning.","EasyPost ഷിപ്പിംഗ് പ്ലാറ്റ്‌ഫോമിൽ നിർമ്മിച്ച, Windows-നായുള്ള ഒരു സമഗ്ര ഷിപ്പിംഗ് കൺസോൾ ആണ് Easy-Post Desktop. നിങ്ങളുടെ സ്വന്തം EasyPost അക്കൗണ്ട് ബന്ധിപ്പിക്കുകയും നിങ്ങളുടെ മുഴുവൻ ഷിപ്പിംഗ് വർക്ക്‌ഫ്ലോയും വേഗതയേറിയ, നേറ്റീവ് ഡെസ്ക്ടോപ്പ് ആപ്ലിക്കേഷനിൽ നിന്ന് കൈകാര്യം ചെയ്യുകയും ചെയ്യുക.

കുറിപ്പ്: Easy-Post Desktop ഒരു സ്വതന്ത്ര, ഓപ്പൺ-സോഴ്‌സ് ആപ്ലിക്കേഷനാണ്. ഇത് EasyPost-മായി ബന്ധപ്പെട്ടതോ അതിനാൽ അംഗീകരിക്കപ്പെട്ടതോ സ്പോൺസർ ചെയ്യപ്പെട്ടതോ അല്ല. ആപ്പ് ഉപയോഗിക്കാൻ ഒരു EasyPost അക്കൗണ്ടും API കീയും ആവശ്യമാണ്.

നിങ്ങൾക്ക് എന്തുചെയ്യാം:

• റേറ്റ് ഷോപ്പിംഗ് — USPS, FedEx, UPS എന്നിവയിലും നിങ്ങളുടെ EasyPost അക്കൗണ്ട് പിന്തുണയ്ക്കുന്ന എല്ലാ കാരിയറിലും ലൈവ് നിരക്കുകൾ താരതമ്യം ചെയ്യുക, തുടർന്ന് കുറച്ച് ക്ലിക്കുകളിൽ ലേബലുകൾ വാങ്ങി പ്രിന്റ് ചെയ്യുക.
• വിലാസ പുസ്തകം — 197 രാജ്യങ്ങൾ ഉൾക്കൊള്ളുന്ന രാജ്യ-ബോധമുള്ള ഫീൽഡുകളോടെ വിലാസങ്ങൾ സംരക്ഷിക്കുകയും പരിശോധിക്കുകയും ചെയ്യുക.
• ട്രാക്കിംഗ് — ഓട്ടോമാറ്റിക് പോളിംഗ് ഉപയോഗിച്ച് ഷിപ്പ്‌മെന്റുകൾ നിരീക്ഷിക്കുക, അല്ലെങ്കിൽ തൽക്ഷണ റിയൽ-ടൈം പുഷ് അപ്‌ഡേറ്റുകൾക്കായി തിരഞ്ഞെടുക്കുക.
• അന്താരാഷ്ട്ര ഷിപ്പിംഗ് — അന്താരാഷ്ട്ര ലേബലുകൾക്കായി, ഇനം തിരിച്ചുള്ള കസ്റ്റംസ് ഉള്ളടക്കം ഉൾപ്പെടെ, പൂർണ്ണമായ കസ്റ്റംസ് വിവരങ്ങൾ ശേഖരിക്കുക.
• HTS തിരയൽ — U.S. International Trade Commission-ൽ നിന്ന് നേരിട്ട് ലൈവ് Harmonized Tariff Schedule കോഡുകൾ തിരയുക.
• റീഫണ്ടുകൾ, ഇൻഷുറൻസ്, പിക്കപ്പുകൾ, ക്ലെയിമുകൾ — ആപ്പ് വിടാതെ പൂർണ്ണമായ വാങ്ങൽ-ശേഷമുള്ള ജീവിതചക്രം കൈകാര്യം ചെയ്യുക.
• ബാച്ച് ഷിപ്പിംഗ് — സ്വീകർത്താക്കളുടെ ഒരു CSV ഇമ്പോർട്ട് ചെയ്യുക, സാധൂകരിക്കുക, തുടർന്ന് കൂട്ടത്തോടെ നിരക്ക് നിർണ്ണയിച്ച് വാങ്ങുക.
• റിപ്പോർട്ടിംഗ് — ഒറ്റനോട്ടത്തിൽ കാരിയർ അനുസരിച്ചുള്ള ചെലവും ലേബൽ എണ്ണവും കാണുക.
• ടെസ്റ്റ്, പ്രൊഡക്ഷൻ മോഡുകൾ — ഒരു സ്ഥിരമായ ബാനറും വാങ്ങൽ സ്ഥിരീകരണങ്ങളും ടെസ്റ്റ്, ലൈവ് ഷിപ്പ്‌മെന്റുകളെ വൃത്തിയായി വേർതിരിച്ച് നിർത്തുന്നു, അതിനാൽ അബദ്ധത്തിൽ ഒരു യഥാർത്ഥ ലേബൽ ഒരിക്കലും വാങ്ങപ്പെടില്ല.
• ഡിസൈൻ കൊണ്ട് സ്വകാര്യം — API കീകൾ Windows Credential Manager-ൽ സംഭരിക്കുന്നു, ഒരിക്കലും പ്ലെയിൻ ടെക്‌സ്റ്റിലല്ല, കൂടാതെ ഷിപ്പിംഗ് ഡാറ്റ നിങ്ങളുടെ ഉപകരണത്തിൽ തന്നെ തുടരുന്നു. അനലിറ്റിക്‌സ് ഇല്ല, ടെലിമെട്രി ഇല്ല.
• 50 ഭാഷകളിൽ ലഭ്യമാണ്.

തുടങ്ങുന്ന വിധം: Easy-Post Desktop-ന് നിങ്ങളുടെ സ്വന്തം EasyPost അക്കൗണ്ട് ആവശ്യമാണ്. easypost.com-ൽ സൗജന്യമായി സൈൻ അപ്പ് ചെയ്യുക, ഒരു API കീ ജനറേറ്റ് ചെയ്യുക, ആദ്യ ലോഞ്ചിൽ അത് പേസ്റ്റ് ചെയ്യുക. യഥാർത്ഥ കാരിയർ ചാർജുകളൊന്നുമില്ലാതെ എല്ലാം പര്യവേക്ഷണം ചെയ്യാൻ ഒരു ടെസ്റ്റ്-മോഡ് കീ ഉപയോഗിക്കുക.","Easy-Post Desktop ହେଉଛି EasyPost ଶିପିଂ ପ୍ଲାଟଫର୍ମ ଉପରେ ନିର୍ମିତ, Windows ପାଇଁ ଏକ ବ୍ୟାପକ ଶିପିଂ କନସୋଲ। ଆପଣଙ୍କ ନିଜର EasyPost ଖାତା ସଂଯୋଗ କରନ୍ତୁ ଏବଂ ଆପଣଙ୍କର ସମ୍ପୂର୍ଣ୍ଣ ଶିପିଂ ୱର୍କଫ୍ଲୋକୁ ଗୋଟିଏ ଦ୍ରୁତ, ନେଟିଭ୍ ଡେସ୍କଟପ୍ ଆପ୍ଲିକେସନରୁ ପରିଚାଳନା କରନ୍ତୁ।

ଟିପ୍ପଣୀ: Easy-Post Desktop ଏକ ସ୍ୱାଧୀନ, ଓପନ୍-ସୋର୍ସ ଆପ୍ଲିକେସନ। ଏହା EasyPost ସହିତ ସମ୍ବନ୍ଧିତ ନୁହେଁ, କିମ୍ବା ଏହା ଦ୍ୱାରା ଅନୁମୋଦିତ କି ପ୍ରାୟୋଜିତ ନୁହେଁ। ଆପ୍ ବ୍ୟବହାର କରିବା ପାଇଁ ଏକ EasyPost ଖାତା ଏବଂ API କୀ ଆବଶ୍ୟକ।

ଆପଣ କ’ଣ କରିପାରିବେ:

• ରେଟ୍ ସପିଂ — USPS, FedEx, UPS ଏବଂ ଆପଣଙ୍କ EasyPost ଖାତା ସମର୍ଥନ କରୁଥିବା ପ୍ରତ୍ୟେକ କ୍ୟାରିଅର୍ ମଧ୍ୟରେ ଲାଇଭ୍ ଦର ତୁଳନା କରନ୍ତୁ, ତା’ପରେ କେତେକ କ୍ଲିକ୍‌ରେ ଲେବଲ୍ କିଣନ୍ତୁ ଏବଂ ପ୍ରିଣ୍ଟ୍ କରନ୍ତୁ।
• ଠିକଣା ପୁସ୍ତିକା — 197 ଦେଶକୁ ଅନ୍ତର୍ଭୁକ୍ତ କରୁଥିବା ଦେଶ-ଆଧାରିତ କ୍ଷେତ୍ର ସହିତ ଠିକଣା ସଞ୍ଚୟ ଏବଂ ଯାଞ୍ଚ କରନ୍ତୁ।
• ଟ୍ରାକିଂ — ସ୍ୱୟଂଚାଳିତ ପୋଲିଂ ସହିତ ଶିପମେଣ୍ଟ ନିରୀକ୍ଷଣ କରନ୍ତୁ, କିମ୍ବା ତୁରନ୍ତ ରିଅଲ୍-ଟାଇମ୍ ପୁସ୍ ଅପଡେଟ୍ ପାଇଁ ବାଛନ୍ତୁ।
• ଅନ୍ତର୍ଜାତୀୟ ଶିପିଂ — ଅନ୍ତର୍ଜାତୀୟ ଲେବଲ୍ ପାଇଁ, ବସ୍ତୁ-ଅନୁଯାୟୀ ଶୁଳ୍କ ବିଷୟବସ୍ତୁ ସମେତ, ସମ୍ପୂର୍ଣ୍ଣ ଶୁଳ୍କ ସୂଚନା ସଂଗ୍ରହ କରନ୍ତୁ।
• HTS ସନ୍ଧାନ — U.S. International Trade Commission ରୁ ସିଧାସଳଖ ଲାଇଭ୍ Harmonized Tariff Schedule କୋଡ୍ ସନ୍ଧାନ କରନ୍ତୁ।
• ରିଫଣ୍ଡ, ବୀମା, ପିକଅପ୍ ଏବଂ ଦାବି — ଆପ୍ ଛାଡ଼ି ନ ଯାଇ ସମ୍ପୂର୍ଣ୍ଣ କ୍ରୟ-ପରବର୍ତ୍ତୀ ଜୀବନଚକ୍ର ପରିଚାଳନା କରନ୍ତୁ।
• ବ୍ୟାଚ୍ ଶିପିଂ — ପ୍ରାପ୍ତକର୍ତ୍ତାମାନଙ୍କର ଏକ CSV ଆମଦାନୀ କରନ୍ତୁ, ବୈଧ କରନ୍ତୁ, ତା’ପରେ ଏକାଥରେ ଦର ନିର୍ଣ୍ଣୟ କରି କିଣନ୍ତୁ।
• ରିପୋର୍ଟିଂ — ଏକ ନଜରରେ କ୍ୟାରିଅର୍ ଅନୁଯାୟୀ ଖର୍ଚ୍ଚ ଏବଂ ଲେବଲ୍ ସଂଖ୍ୟା ଦେଖନ୍ତୁ।
• ଟେଷ୍ଟ ଏବଂ ପ୍ରୋଡକ୍ସନ୍ ମୋଡ୍ — ଏକ ସ୍ଥାୟୀ ବ୍ୟାନର୍ ଏବଂ କ୍ରୟ ନିଶ୍ଚିତକରଣ ଟେଷ୍ଟ ଏବଂ ଲାଇଭ୍ ଶିପମେଣ୍ଟକୁ ପରିଷ୍କାର ଭାବରେ ଅଲଗା ରଖେ, ଯାହା ଫଳରେ ଭୁଲବଶତଃ କେବେ ବି ଏକ ପ୍ରକୃତ ଲେବଲ୍ କିଣା ଯାଏ ନାହିଁ।
• ଡିଜାଇନ୍ ଦ୍ୱାରା ବ୍ୟକ୍ତିଗତ — API କୀଗୁଡ଼ିକ Windows Credential Manager ରେ ସଞ୍ଚିତ ହୁଏ, କେବେ ବି ସାଦା ଟେକ୍ସଟ୍‌ରେ ନୁହେଁ, ଏବଂ ଶିପିଂ ଡାଟା ଆପଣଙ୍କ ଡିଭାଇସରେ ହିଁ ରହେ। କୌଣସି ଆନାଲିଟିକ୍ସ ନାହିଁ, କୌଣସି ଟେଲିମେଟ୍ରି ନାହିଁ।
• 50 ଭାଷାରେ ଉପଲବ୍ଧ।

ଆରମ୍ଭ କରିବା: Easy-Post Desktop ପାଇଁ ଆପଣଙ୍କ ନିଜର EasyPost ଖାତା ଆବଶ୍ୟକ। easypost.com ରେ ମାଗଣାରେ ସାଇନ୍ ଅପ୍ କରନ୍ତୁ, ଏକ API କୀ ତିଆରି କରନ୍ତୁ, ଏବଂ ପ୍ରଥମ ଥର ଆରମ୍ଭ କରିବା ସମୟରେ ଏହାକୁ ପେଷ୍ଟ କରନ୍ତୁ। କୌଣସି ପ୍ରକୃତ କ୍ୟାରିଅର୍ ଚାର୍ଜ ବିନା ସବୁକିଛି ଅନୁସନ୍ଧାନ କରିବା ପାଇଁ ଏକ ଟେଷ୍ଟ-ମୋଡ୍ କୀ ବ୍ୟବହାର କରନ୍ତୁ।","Easy-Post Desktop — це комплексна консоль доставки для Windows, побудована на платформі доставки EasyPost. Підключіть власний обліковий запис EasyPost і керуйте всім процесом доставки з одного швидкого нативного настільного застосунку.

Примітка: Easy-Post Desktop — це незалежний застосунок із відкритим вихідним кодом. Він не пов'язаний з EasyPost, не схвалений і не спонсорований EasyPost. Для використання застосунку потрібні обліковий запис EasyPost і ключ API.

Що можна робити:

• Підбір тарифів — порівнюйте актуальні тарифи USPS, FedEx, UPS і всіх перевізників, які підтримує ваш обліковий запис EasyPost, а потім купуйте та друкуйте етикетки в кілька кліків.
• Адресна книга — зберігайте та перевіряйте адреси з урахуванням особливостей країн, охоплюючи 197 країн.
• Відстеження — контролюйте відправлення з автоматичним опитуванням або увімкніть миттєві push-оновлення в реальному часі.
• Міжнародна доставка — вносьте повні митні дані для міжнародних етикеток, включно з деталізованим вмістом для митниці.
• Пошук за HTS — шукайте актуальні коди Гармонізованої тарифної сітки безпосередньо з Комісії з міжнародної торгівлі США.
• Повернення, страхування, забирання та претензії — керуйте всім життєвим циклом після покупки, не залишаючи застосунок.
• Пакетна доставка — імпортуйте CSV з одержувачами, перевірте, а потім масово розрахуйте тарифи та купіть.
• Звітність — переглядайте витрати за перевізниками та кількість етикеток одним поглядом.
• Тестовий і робочий режими — постійний банер і підтвердження покупки надійно розділяють тестові та реальні відправлення, тож справжню етикетку ніколи не купують випадково.
• Конфіденційність за задумом — ключі API зберігаються в Диспетчері облікових даних Windows, ніколи у відкритому вигляді, а дані про доставку залишаються на вашому пристрої. Жодної аналітики, жодної телеметрії.
• Доступно 50 мовами.

Початок роботи: для Easy-Post Desktop потрібен власний обліковий запис EasyPost. Зареєструйтеся безкоштовно на easypost.com, згенеруйте ключ API та вставте його під час першого запуску. Використовуйте ключ тестового режиму, щоб дослідити всі можливості без реальних витрат на перевізників.","Easy-Post Desktop to kompleksowa konsola wysyłkowa dla systemu Windows, zbudowana na platformie wysyłkowej EasyPost. Połącz własne konto EasyPost i zarządzaj całym procesem wysyłki z jednej szybkiej, natywnej aplikacji desktopowej.

Uwaga: Easy-Post Desktop to niezależna aplikacja o otwartym kodzie źródłowym. Nie jest powiązana z EasyPost, nie jest przez EasyPost wspierana ani sponsorowana. Do korzystania z aplikacji wymagane są konto EasyPost oraz klucz API.

Co można zrobić:

• Porównywanie stawek — porównuj aktualne stawki USPS, FedEx, UPS i każdego przewoźnika obsługiwanego przez Twoje konto EasyPost, a następnie kupuj i drukuj etykiety w kilka kliknięć.
• Książka adresowa — zapisuj i weryfikuj adresy z polami dostosowanymi do poszczególnych krajów, obejmującymi 197 krajów.
• Śledzenie — monitoruj przesyłki z automatycznym odpytywaniem lub włącz natychmiastowe aktualizacje push w czasie rzeczywistym.
• Wysyłka międzynarodowa — wprowadzaj pełne informacje celne dla etykiet międzynarodowych, w tym szczegółową zawartość celną.
• Wyszukiwanie HTS — wyszukuj aktualne kody Zharmonizowanej Taryfy Celnej bezpośrednio z Komisji Handlu Międzynarodowego Stanów Zjednoczonych.
• Zwroty, ubezpieczenia, odbiory i reklamacje — zarządzaj pełnym cyklem życia po zakupie bez opuszczania aplikacji.
• Wysyłka wsadowa — zaimportuj plik CSV z odbiorcami, zweryfikuj, a następnie zbiorczo wyceń i kup.
• Raportowanie — sprawdzaj wydatki według przewoźników i liczbę etykiet jednym rzutem oka.
• Tryby testowy i produkcyjny — stały baner oraz potwierdzenia zakupu wyraźnie oddzielają przesyłki testowe od rzeczywistych, dzięki czemu prawdziwa etykieta nigdy nie zostanie kupiona przez pomyłkę.
• Prywatność u podstaw — klucze API są przechowywane w Menedżerze poświadczeń systemu Windows, nigdy jako zwykły tekst, a dane wysyłkowe pozostają na Twoim urządzeniu. Bez analityki, bez telemetrii.
• Dostępna w 50 językach.

Pierwsze kroki: Easy-Post Desktop wymaga własnego konta EasyPost. Zarejestruj się bezpłatnie na easypost.com, wygeneruj klucz API i wklej go przy pierwszym uruchomieniu. Użyj klucza w trybie testowym, aby poznać wszystkie funkcje bez rzeczywistych opłat u przewoźników.","Easy-Post Desktop ialah konsol penghantaran menyeluruh untuk Windows, dibina di atas platform penghantaran EasyPost. Sambungkan akaun EasyPost anda sendiri dan uruskan keseluruhan aliran kerja penghantaran anda daripada satu aplikasi desktop native yang pantas.

Nota: Easy-Post Desktop ialah aplikasi sumber terbuka yang bebas. Ia tidak bergabung dengan, tidak disokong oleh, atau tidak ditaja oleh EasyPost. Akaun EasyPost dan kunci API diperlukan untuk menggunakan aplikasi ini.

Apa yang boleh anda lakukan:

• Perbandingan kadar — bandingkan kadar langsung merentasi USPS, FedEx, UPS dan setiap syarikat pembawa yang disokong akaun EasyPost anda, kemudian beli dan cetak label dalam beberapa klik.
• Buku alamat — simpan dan sahkan alamat, dengan medan mengikut negara yang meliputi 197 negara.
• Penjejakan — pantau penghantaran dengan tinjauan automatik, atau pilih kemas kini tolak masa nyata secara segera.
• Penghantaran antarabangsa — rakam maklumat kastam lengkap untuk label antarabangsa, termasuk kandungan kastam terperinci.
• Carian HTS — cari kod Harmonized Tariff Schedule secara langsung daripada Suruhanjaya Perdagangan Antarabangsa Amerika Syarikat.
• Bayaran balik, insurans, kutipan dan tuntutan — uruskan keseluruhan kitaran hayat selepas pembelian tanpa meninggalkan aplikasi.
• Penghantaran berkelompok — import CSV penerima, sahkan, kemudian tetapkan kadar dan beli secara pukal.
• Pelaporan — lihat perbelanjaan mengikut syarikat pembawa dan bilangan label secara sepintas lalu.
• Mod ujian dan pengeluaran — sepanduk berterusan dan pengesahan pembelian memastikan penghantaran ujian dan langsung dipisahkan dengan kemas, supaya label sebenar tidak pernah dibeli secara tidak sengaja.
• Peribadi secara reka bentuk — kunci API disimpan dalam Windows Credential Manager, tidak pernah dalam teks biasa, dan data penghantaran kekal pada peranti anda. Tiada analitik, tiada telemetri.
• Tersedia dalam 50 bahasa.

Untuk bermula: Easy-Post Desktop memerlukan akaun EasyPost anda sendiri. Daftar percuma di easypost.com, jana kunci API, dan tampalkannya semasa pelancaran pertama. Gunakan kunci mod ujian untuk meneroka segala-galanya tanpa caj syarikat pembawa yang sebenar.","Easy-Post Desktop is een uitgebreide verzendconsole voor Windows, gebouwd op het EasyPost-verzendplatform. Koppel uw eigen EasyPost-account en beheer uw volledige verzendworkflow vanuit één snelle, native desktoptoepassing.

Opmerking: Easy-Post Desktop is een onafhankelijke, opensource-toepassing. De app is niet verbonden aan, onderschreven door of gesponsord door EasyPost. Voor het gebruik van de app zijn een EasyPost-account en een API-sleutel vereist.

Wat u kunt doen:

• Tarieven vergelijken — vergelijk live tarieven van USPS, FedEx, UPS en elke vervoerder die uw EasyPost-account ondersteunt, en koop en print vervolgens labels met een paar klikken.
• Adresboek — bewaar en verifieer adressen, met landspecifieke velden voor 197 landen.
• Volgen — bewaak zendingen met automatische polling of kies voor directe realtime pushmeldingen.
• Internationale verzending — leg volledige douane-informatie vast voor internationale labels, inclusief gespecificeerde douane-inhoud.
• HTS-opzoeken — zoek live Harmonized Tariff Schedule-codes rechtstreeks bij de U.S. International Trade Commission.
• Terugbetalingen, verzekering, ophaalverzoeken en claims — beheer de volledige levenscyclus na aankoop zonder de app te verlaten.
• Batchverzending — importeer een CSV met ontvangers, valideer en bereken vervolgens tarieven en koop in bulk.
• Rapportage — bekijk in één oogopslag de uitgaven per vervoerder en het aantal labels.
• Test- en productiemodus — een permanente banner en aankoopbevestigingen houden test- en live zendingen netjes gescheiden, zodat er nooit per ongeluk een echt label wordt gekocht.
• Privé door ontwerp — API-sleutels worden opgeslagen in Windows Credential Manager, nooit in platte tekst, en verzendgegevens blijven op uw apparaat. Geen analyse, geen telemetrie.
• Beschikbaar in 50 talen.

Aan de slag: Easy-Post Desktop vereist uw eigen EasyPost-account. Meld u gratis aan op easypost.com, genereer een API-sleutel en plak deze bij de eerste start. Gebruik een testmodus-sleutel om alles te verkennen zonder echte vervoerderskosten.","Easy-Post Desktop bụ ihe njikwa mbupu zuru oke maka Windows, nke ewuru na ikpo okwu mbupu EasyPost. Jikọọ akaụntụ EasyPost nke gị wee jikwaa usoro mbupu gị niile site n'otu ngwa desktop ọ dịkarịsịrị ngwa ngwa.

Rịba ama: Easy-Post Desktop bụ ngwa nweere onwe ya, nke isi mmalite mepere emepe. Ọ nweghị njikọ ya na, akwadoghị ya, maọbụ akwadoghị ya site na EasyPost. A chọrọ akaụntụ EasyPost na igodo API iji jiri ngwa ahụ.

Ihe ị nwere ike ime:

• Ịzụ ọnụ ọ­nụ­ahịa — jiri ọnụahịa dị ndụ tụnyere n'ofe USPS, FedEx, UPS na onye ọ bụla na-ebu ọrụ nke akaụntụ EasyPost gị na-akwado, wee zụọ ma bipụta akara na mkpịsị ole na ole.
• Akwụkwọ adreesị — chekwaa ma gosipụta adreesị, jiri ubi maara obodo nke na-ekpuchi mba 197.
• Nsochi — na-elekọta ngwaahịa mbupu site na ajụjụ akpaghị aka, maọbụ họrọ ịnweta mmelite na-abịa ozugbo n'oge dị ndụ.
• Mbupu mba ụwa — nweta ozi ụlọ ọrụ kọstọm zuru ezu maka akara mba ụwa, gụnyere ọdịnaya kọstọm edepụtara otu otu.
• Nchọta HTS — chọọ koodu Harmonized Tariff Schedule dị ndụ ozugbo site na U.S. International Trade Commission.
• Nkwụghachi ego, mkpuchi, mburu na nkwupụta — jikwaa usoro ndụ mgbe ịzụta gasịrị niile na-apụghị na ngwa ahụ.
• Mbupu n'ọtụtụ — bubata CSV nke ndị nnata, gosipụta, wee tinye ọnụahịa n'otu mgbe ma zụọ.
• Mkpughe akụkọ — hụ mmefu site n'aka onye na-ebu ọrụ na ọnụọgụ akara n'otu anya.
• Ọnọdụ ule na ọnọdụ mmepụta — ọkọlọtọ na-adịgide na nkwenye ịzụta na-eme ka ngwaahịa ule na nke dị ndụ dịrị iche nke ọma, ka a ghara ịzụta akara n'ezie na-amaghị ama.
• Nzuzo site n'imewe — a na-echekwa igodo API n'ime Windows Credential Manager, ọ bụghị n'ederede doro anya, data mbupu na-anọgide na ngwaọrụ gị. Enweghị nyocha, enweghị telemetry.
• Dị n'asụsụ 50.

Mmalite: Easy-Post Desktop chọrọ akaụntụ EasyPost nke gị. Debanye aha n'efu na easypost.com, mepụta igodo API, wee mado ya na mmalite nke mbụ. Jiri igodo ọnọdụ ule iji nyocha ihe niile na-enweghị ụgwọ onye na-ebu ọrụ n'ezie.","Easy-Post Desktop යනු EasyPost නැව්ගත කිරීමේ වේදිකාව මත ගොඩනඟන ලද, Windows සඳහා වූ පුළුල් නැව්ගත කිරීමේ කන්සෝලයකි. ඔබේම EasyPost ගිණුම සම්බන්ධ කර, ඔබේ මුළු නැව්ගත කිරීමේ කාර්ය ප්‍රවාහයම වේගවත්, native ඩෙස්ක්ටොප් යෙදුමකින් කළමනාකරණය කරන්න.

සටහන: Easy-Post Desktop යනු ස්වාධීන, විවෘත මූලාශ්‍ර යෙදුමකි. එය EasyPost සමඟ අනුබද්ධ, එයින් අනුමත හෝ අනුග්‍රහය දක්වන ලද එකක් නොවේ. යෙදුම භාවිතා කිරීමට EasyPost ගිණුමක් සහ API යතුරක් අවශ්‍ය වේ.

ඔබට කළ හැකි දේ:

• අනුපාත සාප්පු සවාරිය — USPS, FedEx, UPS සහ ඔබේ EasyPost ගිණුම සහාය දක්වන සෑම වාහකයෙකුම හරහා සජීවී අනුපාත සංසන්දනය කර, ක්ලික් කිහිපයකින් ලේබල් මිලදී ගෙන මුද්‍රණය කරන්න.
• ලිපින පොත — රටවල් 197ක් ආවරණය කරන රට-දැනුවත් ක්ෂේත්‍ර සමඟ ලිපින සුරකින්න සහ සත්‍යාපනය කරන්න.
• ලුහුබැඳීම — ස්වයංක්‍රීය පෝලිං සමඟ නැව්ගත කිරීම් නිරීක්ෂණය කරන්න, නැතහොත් ක්ෂණික තත්‍ය-කාලීන push යාවත්කාලීන කිරීම් තෝරාගන්න.
• ජාත්‍යන්තර නැව්ගත කිරීම — ජාත්‍යන්තර ලේබල් සඳහා විස්තරාත්මක රේගු අන්තර්ගතයන් ඇතුළුව සම්පූර්ණ රේගු තොරතුරු ග්‍රහණය කරගන්න.
• HTS සෙවීම — එක්සත් ජනපද ජාත්‍යන්තර වෙළඳ කොමිසමෙන් සෘජුවම සජීවී Harmonized Tariff Schedule කේත සොයන්න.
• ආපසු ගෙවීම්, රක්ෂණ, එකතු කිරීම් සහ හිමිකම් — යෙදුමෙන් ඉවත් නොවී මිලදී ගැනීමෙන් පසු සම්පූර්ණ ජීවන චක්‍රය කළමනාකරණය කරන්න.
• කාණ්ඩ නැව්ගත කිරීම — ලබන්නන්ගේ CSV එකක් ආයාත කර, සත්‍යාපනය කර, පසුව තොග වශයෙන් අනුපාත ලබාගෙන මිලදී ගන්න.
• වාර්තාකරණය — එක් බැල්මකින් වාහකයා අනුව වියදම් සහ ලේබල් ගණන් බලන්න.
• පරීක්ෂණ සහ නිෂ්පාදන ප්‍රකාර — ස්ථිර බැනරයක් සහ මිලදී ගැනීමේ තහවුරු කිරීම් පරීක්ෂණ සහ සජීවී නැව්ගත කිරීම් පිරිසිදුව වෙන් කර තබන අතර, එමඟින් සැබෑ ලේබලයක් කිසිවිටෙකත් වැරදීමකින් මිලදී නොගැනේ.
• නිර්මාණයෙන්ම පෞද්ගලික — API යතුරු Windows Credential Manager තුළ ගබඩා වේ, කිසිවිටෙකත් සරල පෙළ ලෙස නොවේ, සහ නැව්ගත කිරීමේ දත්ත ඔබේ උපාංගයේම පවතී. විශ්ලේෂණ නැත, ටෙලිමෙට්‍රි නැත.
• භාෂා 50කින් ලබා ගත හැක.

ආරම්භ කිරීම: Easy-Post Desktop සඳහා ඔබේම EasyPost ගිණුමක් අවශ්‍ය වේ. easypost.com හි නොමිලේ ලියාපදිංචි වී, API යතුරක් උත්පාදනය කර, පළමු වරට දියත් කිරීමේදී එය අලවන්න. සැබෑ වාහක ගාස්තුවකින් තොරව සියල්ල ගවේෂණය කිරීමට පරීක්ෂණ-ප්‍රකාර යතුරක් භාවිතා කරන්න.","Easy-Post Desktop Windows का लागि एक व्यापक शिपिङ कन्सोल हो, जुन EasyPost शिपिङ प्लेटफर्ममा निर्मित छ। आफ्नै EasyPost खाता जडान गर्नुहोस् र आफ्नो सम्पूर्ण शिपिङ वर्कफ्लो एउटै छिटो, नेटिभ डेस्कटप एप्लिकेसनबाट व्यवस्थापन गर्नुहोस्।

नोट: Easy-Post Desktop एक स्वतन्त्र, खुला स्रोत एप्लिकेसन हो। यो EasyPost सँग सम्बद्ध, समर्थित वा प्रायोजित होइन। एप प्रयोग गर्न EasyPost खाता र API कुञ्जी आवश्यक छ।

तपाईंले के गर्न सक्नुहुन्छ:

• रेट सपिङ — USPS, FedEx, UPS र तपाईंको EasyPost खाताले समर्थन गर्ने प्रत्येक क्यारियरका प्रत्यक्ष दरहरू तुलना गर्नुहोस्, त्यसपछि केही क्लिकमै लेबल किन्नुहोस् र प्रिन्ट गर्नुहोस्।
• ठेगाना पुस्तिका — ठेगानाहरू सुरक्षित र प्रमाणित गर्नुहोस्, 197 देशहरू समेट्ने देश-सचेत फिल्डहरूसहित।
• ट्र्याकिङ — स्वचालित पोलिङमार्फत ढुवानीहरू अनुगमन गर्नुहोस्, वा तत्काल वास्तविक-समय पुश अपडेटहरूमा सामेल हुनुहोस्।
• अन्तर्राष्ट्रिय शिपिङ — अन्तर्राष्ट्रिय लेबलहरूका लागि पूर्ण भन्सार जानकारी समेट्नुहोस्, विस्तृत भन्सार सामग्रीसहित।
• HTS खोजी — संयुक्त राज्य अन्तर्राष्ट्रिय व्यापार आयोगबाट सीधै प्रत्यक्ष Harmonized Tariff Schedule कोडहरू खोज्नुहोस्।
• फिर्ता, बीमा, पिकअप र दाबीहरू — एप नछोडी खरिदपछिको सम्पूर्ण जीवनचक्र व्यवस्थापन गर्नुहोस्।
• ब्याच शिपिङ — प्राप्तकर्ताहरूको एउटा CSV आयात गर्नुहोस्, प्रमाणित गर्नुहोस्, त्यसपछि थोक दर र खरिद गर्नुहोस्।
• रिपोर्टिङ — एकै नजरमा क्यारियरअनुसार खर्च र लेबल संख्या हेर्नुहोस्।
• परीक्षण र उत्पादन मोडहरू — एक स्थायी ब्यानर र खरिद पुष्टिकरणहरूले परीक्षण र प्रत्यक्ष ढुवानीहरूलाई सफा रूपमा अलग राख्छन्, ताकि वास्तविक लेबल कहिल्यै गल्तीले नकिनियोस्।
• डिजाइनद्वारा नै निजी — API कुञ्जीहरू Windows Credential Manager मा भण्डारण गरिन्छन्, कहिल्यै सादा पाठमा होइन, र शिपिङ डाटा तपाईंको यन्त्रमै रहन्छ। कुनै एनालिटिक्स छैन, कुनै टेलिमेट्री छैन।
• 50 भाषाहरूमा उपलब्ध।

सुरु गर्दै: Easy-Post Desktop लाई तपाईंको आफ्नै EasyPost खाता आवश्यक छ। easypost.com मा निःशुल्क साइन अप गर्नुहोस्, एउटा API कुञ्जी उत्पन्न गर्नुहोस्, र पहिलो पटक लन्च गर्दा त्यसलाई टाँस्नुहोस्। कुनै वास्तविक क्यारियर शुल्कबिना सबै कुरा अन्वेषण गर्न परीक्षण-मोड कुञ्जी प्रयोग गर्नुहोस्।","Easy-Post Desktop este o consolă completă de expediere pentru Windows, construită pe platforma de expediere EasyPost. Conectați propriul cont EasyPost și gestionați întregul flux de expediere dintr-o singură aplicație desktop nativă și rapidă.

Notă: Easy-Post Desktop este o aplicație independentă, open-source. Nu este afiliată, susținută sau sponsorizată de EasyPost. Pentru a folosi aplicația sunt necesare un cont EasyPost și o cheie API.

Ce puteți face:

• Comparare tarife — comparați tarife în timp real la USPS, FedEx, UPS și fiecare curier acceptat de contul dumneavoastră EasyPost, apoi cumpărați și tipăriți etichete din câteva clicuri.
• Agendă de adrese — salvați și verificați adrese, cu câmpuri adaptate fiecărei țări, acoperind 197 de țări.
• Urmărire — monitorizați expedierile cu interogare automată sau optați pentru actualizări instantanee în timp real.
• Expediere internațională — capturați informații vamale complete pentru etichetele internaționale, inclusiv conținutul vamal detaliat.
• Căutare HTS — căutați coduri live din Harmonized Tariff Schedule direct de la U.S. International Trade Commission.
• Rambursări, asigurări, ridicări și reclamații — gestionați întregul ciclu de viață de după achiziție fără a părăsi aplicația.
• Expediere în lot — importați un CSV cu destinatari, validați, apoi calculați tarife și cumpărați în masă.
• Raportare — vedeți dintr-o privire cheltuielile pe curier și numărul de etichete.
• Moduri de test și producție — un banner permanent și confirmările de achiziție păstrează expedierile de test și cele reale separate clar, astfel încât o etichetă reală să nu fie cumpărată niciodată din greșeală.
• Confidențial prin concepție — cheile API sunt stocate în Windows Credential Manager, niciodată în text simplu, iar datele de expediere rămân pe dispozitivul dumneavoastră. Fără analize, fără telemetrie.
• Disponibil în 50 de limbi.

Primii pași: Easy-Post Desktop necesită propriul dumneavoastră cont EasyPost. Înregistrați-vă gratuit la easypost.com, generați o cheie API și lipiți-o la prima lansare. Folosiți o cheie în modul de test pentru a explora totul fără costuri reale de la curieri.","I-Easy-Post Desktop iyikhonsoli yokuthumela ephelele ye-Windows, eyakhelwe phezu kwenkundla yokuthumela ye-EasyPost. Xhuma i-akhawunti yakho ye-EasyPost bese ulawula lonke uhlelo lwakho lokuthumela usebenzisa uhlelo lokusebenza lwe-desktop olulodwa olusheshayo, olwendabuko.

Qaphela: I-Easy-Post Desktop iyisicelo esizimele, esivulekile emthonjeni. Ayihlangene, ayigunyaziwe, futhi ayixhaswanga yi-EasyPost. Kudingeka i-akhawunti ye-EasyPost nokhiye we-API ukuze usebenzise uhlelo lokusebenza.

Ongakwenza:

• Ukuthenga ngentengo — qhathanisa amanani aphilayo kuwo wonke ama-USPS, FedEx, UPS nawo wonke umthwali ye-akhawunti yakho ye-EasyPost esekelayo, bese uthenga futhi uprinte amalebula ngokuchofoza okumbalwa.
• Incwadi yamakheli — londoloza futhi uqinisekise amakheli, ngezinkambu ezaziyo izwe ezihlanganisa amazwe angu-197.
• Ukulandelela — qapha izimpahla ezithunyelwayo ngokubuza okuzenzakalelayo, noma uzikhethele izibuyekezo ezisheshayo zangempela.
• Ukuthumela kwamazwe ngamazwe — thwebula lonke ulwazi lwezempahla yezimali ngamalebula amazwe ngamazwe, kuhlanganise nokuqukethwe kwezimpahla yezimali okuhlelwe ngokulandelanayo.
• Ukubheka i-HTS — sesha amakhodi we-Harmonized Tariff Schedule aphilayo ngqo kusuka ku-U.S. International Trade Commission.
• Izimbuyiselo, umshwalense, ukulanda kanye nezimangalo — lawula wonke umjikelezo wempilo wangemva kokuthenga ngaphandle kokushiya uhlelo lokusebenza.
• Ukuthumela ngeqoqo — ngenisa i-CSV yabamukeli, qinisekisa, bese unikeza amanani ngobuningi futhi uthenge.
• Ukubika — bona ukusetshenziswa kwemali ngomthwali nezibalo zamalebula ngokushesha.
• Izimodi zokuhlola nezokukhiqiza — ibhena eliqhubekayo neziqinisekiso zokuthenga zigcina izimpahla zokuhlola nezisebenzayo zihlukene ngokucacile, ukuze ilebula langempela lingatholakali ngengozi.
• Kuyimfihlo ngomklamo — okhiye be-API bagcinwa ku-Windows Credential Manager, hhayi ngombhalo ocacile, futhi idatha yokuthumela ihlala kudivayisi yakho. Akukho ukuhlaziya, akukho i-telemetry.
• Iyatholakala ngezilimi ezingu-50.

Ukuqalisa: I-Easy-Post Desktop idinga i-akhawunti yakho ye-EasyPost. Bhalisela mahhala ku-easypost.com, khiqiza ukhiye we-API, bese uwunamathisela ekuqaleni kokuqala. Sebenzisa ukhiye wemodi yokuhlola ukuze uhlole yonke into ngaphandle kwezindleko zomthwali zangempela.","Easy-Post Desktop sveobuhvatna je konzola za dostavu za Windows, izgrađena na platformi za dostavu EasyPost. Povežite vlastiti EasyPost račun i upravljajte cijelim tijekom dostave iz jedne brze, nativne desktop aplikacije.

Napomena: Easy-Post Desktop neovisna je aplikacija otvorenog koda. Nije povezana s EasyPostom niti je od njega podržana ili sponzorirana. Za korištenje aplikacije potrebni su EasyPost račun i API ključ.

Što možete raditi:

• Usporedba cijena — usporedite aktualne cijene za USPS, FedEx, UPS i sve prijevoznike koje vaš EasyPost račun podržava, a zatim kupite i ispišite naljepnice u nekoliko klikova.
• Adresar — spremajte i provjeravajte adrese s poljima prilagođenima pojedinim državama, koja obuhvaćaju 197 država.
• Praćenje — pratite pošiljke uz automatsko provjeravanje ili uključite trenutna push ažuriranja u stvarnom vremenu.
• Međunarodna dostava — unesite potpune carinske podatke za međunarodne naljepnice, uključujući stavkovni carinski sadržaj.
• HTS pretraživanje — pretražujte aktualne kodove Usklađenog carinskog tarifnog sustava izravno iz Komisije za međunarodnu trgovinu Sjedinjenih Američkih Država.
• Povrati, osiguranje, preuzimanja i reklamacije — upravljajte cijelim životnim ciklusom nakon kupnje bez izlaska iz aplikacije.
• Skupna dostava — uvezite CSV s primateljima, provjerite, a zatim skupno izračunajte cijene i kupite.
• Izvještavanje — pregledajte troškove po prijevozniku i broj naljepnica na prvi pogled.
• Testni i produkcijski način rada — trajni natpis i potvrde kupnje jasno razdvajaju testne i stvarne pošiljke, tako da se prava naljepnica nikada ne kupi slučajno.
• Privatnost od početka — API ključevi pohranjuju se u Upravitelju vjerodajnica sustava Windows, nikada kao obični tekst, a podaci o dostavi ostaju na vašem uređaju. Bez analitike, bez telemetrije.
• Dostupno na 50 jezika.

Prvi koraci: Easy-Post Desktop zahtijeva vaš vlastiti EasyPost račun. Registrirajte se besplatno na easypost.com, generirajte API ključ i zalijepite ga pri prvom pokretanju. Upotrijebite ključ testnog načina rada kako biste istražili sve bez stvarnih naknada prijevoznika.","Το Easy-Post Desktop είναι μια ολοκληρωμένη κονσόλα αποστολών για Windows, βασισμένη στην πλατφόρμα αποστολών EasyPost. Συνδέστε τον δικό σας λογαριασμό EasyPost και διαχειριστείτε ολόκληρη τη ροή εργασίας αποστολών από μία γρήγορη, εγγενή εφαρμογή για επιτραπέζιους υπολογιστές.

Σημείωση: Το Easy-Post Desktop είναι μια ανεξάρτητη εφαρμογή ανοιχτού κώδικα. Δεν συνδέεται, δεν εγκρίνεται ούτε χορηγείται από την EasyPost. Για τη χρήση της εφαρμογής απαιτούνται λογαριασμός EasyPost και κλειδί API.

Τι μπορείτε να κάνετε:

• Σύγκριση τιμών — συγκρίνετε ζωντανές τιμές μεταξύ USPS, FedEx, UPS και κάθε μεταφορέα που υποστηρίζει ο λογαριασμός σας EasyPost, και στη συνέχεια αγοράστε και εκτυπώστε ετικέτες με λίγα κλικ.
• Βιβλίο διευθύνσεων — αποθηκεύστε και επαληθεύστε διευθύνσεις, με πεδία προσαρμοσμένα ανά χώρα που καλύπτουν 197 χώρες.
• Παρακολούθηση — παρακολουθήστε τις αποστολές με αυτόματη ανίχνευση ή επιλέξτε άμεσες ενημερώσεις σε πραγματικό χρόνο.
• Διεθνείς αποστολές — καταχωρήστε πλήρεις τελωνειακές πληροφορίες για διεθνείς ετικέτες, συμπεριλαμβανομένου του αναλυτικού τελωνειακού περιεχομένου.
• Αναζήτηση HTS — αναζητήστε ζωντανούς κωδικούς Harmonized Tariff Schedule απευθείας από την U.S. International Trade Commission.
• Επιστροφές χρημάτων, ασφάλιση, παραλαβές και αξιώσεις — διαχειριστείτε ολόκληρο τον κύκλο ζωής μετά την αγορά χωρίς να εγκαταλείψετε την εφαρμογή.
• Μαζική αποστολή — εισαγάγετε ένα αρχείο CSV παραληπτών, επικυρώστε και έπειτα υπολογίστε τιμές και αγοράστε μαζικά.
• Αναφορές — δείτε με μια ματιά τις δαπάνες ανά μεταφορέα και τον αριθμό των ετικετών.
• Λειτουργίες δοκιμής και παραγωγής — ένα μόνιμο banner και οι επιβεβαιώσεις αγοράς διατηρούν τις δοκιμαστικές και τις πραγματικές αποστολές καθαρά διαχωρισμένες, ώστε να μην αγοραστεί ποτέ κατά λάθος μια πραγματική ετικέτα.
• Ιδιωτικό εκ σχεδιασμού — τα κλειδιά API αποθηκεύονται στο Windows Credential Manager, ποτέ σε απλό κείμενο, και τα δεδομένα αποστολών παραμένουν στη συσκευή σας. Χωρίς αναλυτικά στοιχεία, χωρίς τηλεμετρία.
• Διαθέσιμο σε 50 γλώσσες.

Ξεκινώντας: Το Easy-Post Desktop απαιτεί τον δικό σας λογαριασμό EasyPost. Εγγραφείτε δωρεάν στο easypost.com, δημιουργήστε ένα κλειδί API και επικολλήστε το κατά την πρώτη εκκίνηση. Χρησιμοποιήστε ένα κλειδί λειτουργίας δοκιμής για να εξερευνήσετε τα πάντα χωρίς πραγματικές χρεώσεις μεταφορέων.","Az Easy-Post Desktop egy átfogó szállítási konzol Windowsra, amely az EasyPost szállítási platformra épül. Csatlakoztassa saját EasyPost-fiókját, és kezelje a teljes szállítási munkafolyamatot egyetlen gyors, natív asztali alkalmazásból.

Megjegyzés: Az Easy-Post Desktop egy független, nyílt forráskódú alkalmazás. Nem áll kapcsolatban az EasyPosttal, és az EasyPost nem támogatja vagy szponzorálja. Az alkalmazás használatához EasyPost-fiók és API-kulcs szükséges.

Mit tehet:

• Tarifa-összehasonlítás — hasonlítsa össze az élő tarifákat a USPS, FedEx, UPS és az EasyPost-fiókja által támogatott összes fuvarozó között, majd néhány kattintással vásároljon és nyomtasson címkéket.
• Címjegyzék — mentsen és ellenőrizzen címeket, országfüggő mezőkkel, amelyek 197 országot fednek le.
• Nyomon követés — kövesse a küldeményeket automatikus lekérdezéssel, vagy válassza az azonnali, valós idejű értesítéseket.
• Nemzetközi szállítás — rögzítsen teljes váminformációt a nemzetközi címkékhez, beleértve a tételes vámtartalmat is.
• HTS-keresés — keressen élő Harmonized Tariff Schedule kódokat közvetlenül a U.S. International Trade Commission adatbázisából.
• Visszatérítések, biztosítás, csomagfelvétel és reklamációk — kezelje a teljes vásárlás utáni életciklust az alkalmazás elhagyása nélkül.
• Kötegelt szállítás — importáljon egy címzetteket tartalmazó CSV-fájlt, ellenőrizze, majd tömegesen számoljon tarifát és vásároljon.
• Jelentéskészítés — tekintse meg egy pillantással a fuvarozónkénti kiadásokat és a címkék számát.
• Teszt és éles mód — egy állandó szalagcím és a vásárlási megerősítések tisztán elkülönítik a teszt- és az éles küldeményeket, így valódi címkét soha nem vásárol véletlenül.
• Alapból bizalmas — az API-kulcsokat a Windows Credential Manager tárolja, soha nem egyszerű szövegként, a szállítási adatok pedig az eszközén maradnak. Nincs analitika, nincs telemetria.
• 50 nyelven elérhető.

Első lépések: Az Easy-Post Desktop saját EasyPost-fiókot igényel. Regisztráljon ingyenesen az easypost.com oldalon, hozzon létre egy API-kulcsot, és illessze be az első indításkor. Használjon tesztmódú kulcsot, hogy mindent kipróbálhasson valós fuvarozói díjak nélkül.","Easy-Post Desktop je komplexní přepravní konzole pro Windows postavená na přepravní platformě EasyPost. Připojte svůj vlastní účet EasyPost a spravujte celý svůj přepravní proces z jedné rychlé nativní desktopové aplikace.

Poznámka: Easy-Post Desktop je nezávislá aplikace s otevřeným zdrojovým kódem. Není spojena se společností EasyPost, není jí podporována ani sponzorována. K používání aplikace jsou vyžadovány účet EasyPost a klíč API.

Co můžete dělat:

• Porovnání sazeb — porovnávejte aktuální sazby USPS, FedEx, UPS a všech dopravců, které váš účet EasyPost podporuje, a poté kupujte a tiskněte štítky několika kliknutími.
• Adresář — ukládejte a ověřujte adresy s poli přizpůsobenými jednotlivým zemím, zahrnujícími 197 zemí.
• Sledování — sledujte zásilky s automatickým dotazováním nebo si aktivujte okamžité aktualizace push v reálném čase.
• Mezinárodní přeprava — zaznamenávejte úplné celní údaje pro mezinárodní štítky, včetně podrobného celního obsahu.
• Vyhledávání HTS — vyhledávejte aktuální kódy Harmonizovaného celního sazebníku přímo z Komise pro mezinárodní obchod Spojených států.
• Vrácení, pojištění, svozy a reklamace — spravujte celý životní cyklus po nákupu bez opuštění aplikace.
• Dávková přeprava — naimportujte CSV s příjemci, ověřte a poté hromadně naceňte a kupte.
• Reportování — přehledně sledujte výdaje podle dopravců a počty štítků.
• Testovací a produkční režim — trvalý banner a potvrzení nákupu přehledně oddělují testovací a živé zásilky, takže skutečný štítek se nikdy nekoupí omylem.
• Soukromí od návrhu — klíče API se ukládají do Správce přihlašovacích údajů systému Windows, nikdy jako prostý text, a přepravní data zůstávají ve vašem zařízení. Žádná analytika, žádná telemetrie.
• Dostupné v 50 jazycích.

Začínáme: Easy-Post Desktop vyžaduje váš vlastní účet EasyPost. Zaregistrujte se zdarma na easypost.com, vygenerujte klíč API a při prvním spuštění jej vložte. Použijte klíč v testovacím režimu a prozkoumejte vše bez skutečných poplatků dopravcům.","‏Easy-Post Desktop היא קונסולת משלוחים מקיפה ל-Windows, הבנויה על פלטפורמת המשלוחים EasyPost. חברו את חשבון EasyPost שלכם ונהלו את כל תהליך המשלוחים שלכם מיישום שולחני מקורי ומהיר אחד.

הערה: ‏Easy-Post Desktop הוא יישום עצמאי בקוד פתוח. הוא אינו מסונף ל-EasyPost, אינו מאושר על ידה ואינו ממומן על ידה. נדרשים חשבון EasyPost ומפתח API כדי להשתמש ביישום.

מה אפשר לעשות:

• השוואת תעריפים — השוו תעריפים חיים בין USPS, FedEx, UPS וכל מוביל שחשבון EasyPost שלכם תומך בו, ואז קנו והדפיסו תוויות בכמה קליקים.
• פנקס כתובות — שמרו ואמתו כתובות, עם שדות מותאמי מדינה המכסים 197 מדינות.
• מעקב — עקבו אחר משלוחים עם תשאול אוטומטי, או הצטרפו לעדכוני דחיפה מיידיים בזמן אמת.
• משלוחים בינלאומיים — קלטו מידע מכס מלא לתוויות בינלאומיות, כולל תכולת מכס מפורטת לפי פריטים.
• חיפוש HTS — חפשו קודי לוח תעריפי מכס מתואם חיים ישירות מוועדת הסחר הבינלאומי של ארה""ב.
• החזרים, ביטוח, איסופים ותביעות — נהלו את כל מחזור החיים שלאחר הרכישה מבלי לצאת מהיישום.
• משלוח באצווה — ייבאו קובץ CSV של נמענים, אמתו, ואז תמחרו וקנו בכמות.
• דיווח — ראו הוצאה לפי מוביל וספירת תוויות במבט אחד.
• מצבי בדיקה וייצור — באנר קבוע ואישורי רכישה שומרים על הפרדה ברורה בין משלוחי בדיקה למשלוחים חיים, כך שתווית אמיתית לעולם לא נרכשת בטעות.
• פרטי בעיצובו — מפתחות API נשמרים במנהל האישורים של Windows, לעולם לא כטקסט רגיל, ונתוני המשלוח נשארים במכשיר שלכם. ללא ניתוח נתונים, ללא טלמטריה.
• זמין ב-50 שפות.

תחילת העבודה: ‏Easy-Post Desktop דורש חשבון EasyPost משלכם. הירשמו בחינם ב-easypost.com, צרו מפתח API, והדביקו אותו בהפעלה הראשונה. השתמשו במפתח מצב בדיקה כדי לחקור את הכול ללא חיובי מוביל אמיתיים.","Easy-Post Desktop är en heltäckande fraktkonsol för Windows, byggd på EasyPosts fraktplattform. Anslut ditt eget EasyPost-konto och hantera hela ditt fraktarbetsflöde från ett snabbt, inbyggt skrivbordsprogram.

Obs: Easy-Post Desktop är ett fristående program med öppen källkod. Det är inte anslutet till, rekommenderat av eller sponsrat av EasyPost. Ett EasyPost-konto och en API-nyckel krävs för att använda appen.

Detta kan du göra:

• Jämför fraktpriser — jämför livepriser mellan USPS, FedEx, UPS och alla transportörer som ditt EasyPost-konto stöder, och köp och skriv sedan ut etiketter med några klick.
• Adressbok — spara och verifiera adresser, med landsanpassade fält som täcker 197 länder.
• Spårning — övervaka försändelser med automatisk avläsning, eller välj omedelbara aviseringar i realtid.
• Internationell frakt — registrera fullständig tulluppgifter för internationella etiketter, inklusive specificerat tullinnehåll.
• HTS-sökning — sök live Harmonized Tariff Schedule-koder direkt från U.S. International Trade Commission.
• Återbetalningar, försäkring, upphämtningar och reklamationer — hantera hela livscykeln efter köp utan att lämna appen.
• Massfrakt — importera en CSV med mottagare, validera och beräkna sedan priser och köp i grupp.
• Rapportering — se utgifter per transportör och antal etiketter med en blick.
• Test- och produktionsläge — en permanent banner och köpbekräftelser håller test- och skarpa försändelser tydligt åtskilda, så att en riktig etikett aldrig köps av misstag.
• Privat i grunden — API-nycklar lagras i Windows Credential Manager, aldrig i klartext, och fraktdata stannar på din enhet. Ingen analys, ingen telemetri.
• Tillgängligt på 50 språk.

Kom igång: Easy-Post Desktop kräver ditt eget EasyPost-konto. Registrera dig gratis på easypost.com, skapa en API-nyckel och klistra in den vid första starten. Använd en testlägesnyckel för att utforska allt utan verkliga transportörsavgifter."
ReleaseNotes,3,Text,,"• Companion mobile apps — track shipments and manage insurance, claims and pickups from a phone, paired by scanning a single QR code. The mobile tracking view is colour-coded by carrier with a clear status icon for each stage. The iPhone edition arrives through the App Store. The Android edition is offered as a direct download for now: while its Google Play listing is still being prepared, the signed app is available from the Easy-Post website and installs and pairs exactly the same way.
• Clearer international shipping — on a customs-required route the Get Rates action now sits below the customs section, so declarations are completed before rating.
• A smoother Create Shipment — saved package presets, in-place address-book editing, and a rates panel that expands to show every quote at once.
• Refinements and fixes throughout.","• 配套移动应用 —— 在手机上追踪货件并管理保险、理赔与揽收，只需扫描一个 QR 码即可完成配对。移动追踪视图按承运商进行颜色区分，每个阶段都配有清晰的状态图标。iPhone 版本通过 App Store 发布。Android 版本目前以直接下载方式提供：其 Google Play 商店页面仍在准备中，签名后的应用可从 Easy-Post 网站获取，安装与配对方式完全相同。
• 更清晰的国际运输 —— 在需要报关的路线上，「获取运费」操作现已移至报关栏目下方，因此报关单会在计价前完成。
• 更顺畅的创建货件 —— 可保存的包裹预设、可原地编辑的地址簿，以及一次性展开显示全部报价的运费面板。
• 全面优化与修复。","• साथी मोबाइल ऐप्स — फ़ोन से शिपमेंट ट्रैक करें और बीमा, दावे तथा पिकअप प्रबंधित करें, केवल एक QR कोड स्कैन करके पेयर करें। मोबाइल ट्रैकिंग व्यू कैरियर के अनुसार रंग-कोडित है और हर चरण के लिए स्पष्ट स्थिति आइकन दिखाता है। iPhone संस्करण App Store के माध्यम से उपलब्ध है। Android संस्करण फ़िलहाल सीधे डाउनलोड के रूप में दिया जाता है: जब तक इसकी Google Play लिस्टिंग तैयार हो रही है, हस्ताक्षरित ऐप Easy-Post वेबसाइट से उपलब्ध है और ठीक उसी तरह इंस्टॉल एवं पेयर होता है।
• अधिक स्पष्ट अंतरराष्ट्रीय शिपिंग — जिन मार्गों पर कस्टम आवश्यक है, वहाँ अब 'दरें प्राप्त करें' क्रिया कस्टम अनुभाग के नीचे रहती है, ताकि दर निर्धारण से पहले घोषणाएँ पूरी हो जाएँ।
• और भी सहज शिपमेंट निर्माण — सहेजे गए पैकेज प्रीसेट, वहीं पर पता-पुस्तिका संपादन, और एक दर पैनल जो एक साथ हर उद्धरण दिखाने के लिए विस्तृत होता है।
• सभी जगह सुधार और बग-फ़िक्स।","• Apps móviles complementarias: sigue tus envíos y gestiona seguros, reclamaciones y recogidas desde el teléfono, con emparejamiento mediante el escaneo de un único código QR. La vista de seguimiento móvil está codificada por colores según el transportista, con un icono de estado claro para cada etapa. La edición para iPhone llega a través de la App Store. La edición para Android se ofrece por ahora como descarga directa: mientras se prepara su ficha en Google Play, la app firmada está disponible en el sitio web de Easy-Post y se instala y empareja exactamente igual.
• Envíos internacionales más claros: en una ruta que requiere aduana, la acción Obtener tarifas ahora se sitúa debajo de la sección de aduana, de modo que las declaraciones se completan antes de tarificar.
• Una creación de envíos más fluida: ajustes de paquete guardados, edición de la libreta de direcciones en el mismo lugar y un panel de tarifas que se expande para mostrar todas las cotizaciones a la vez.
• Mejoras y correcciones en toda la app.","• Applications mobiles compagnons — suivez vos envois et gérez assurances, réclamations et enlèvements depuis un téléphone, l'appairage se faisant en scannant un seul code QR. La vue de suivi mobile est codée par couleur selon le transporteur, avec une icône d'état claire pour chaque étape. L'édition iPhone est proposée via l'App Store. L'édition Android est pour l'instant offerte en téléchargement direct : le temps que sa fiche Google Play soit préparée, l'application signée est disponible sur le site Easy-Post et s'installe et s'appaire exactement de la même manière.
• Une expédition internationale plus claire — sur un itinéraire soumis à la douane, l'action Obtenir les tarifs se trouve désormais sous la section douane, afin que les déclarations soient complétées avant la tarification.
• Une création d'envoi plus fluide — préréglages de colis enregistrés, modification du carnet d'adresses sur place et un panneau de tarifs qui se déploie pour afficher tous les devis en une seule fois.
• Améliorations et corrections partout.","• تطبيقات الهاتف المرافقة — تتبّع شحناتك وأدِر التأمين والمطالبات وطلبات الاستلام من هاتفك، مع الاقتران بمسح رمز QR واحد فقط. عرض التتبّع على الهاتف مُرمَّز بالألوان حسب شركة الشحن، مع أيقونة حالة واضحة لكل مرحلة. تتوفّر نسخة iPhone عبر App Store. أما نسخة Android فتُقدَّم حاليًا كتنزيل مباشر: وريثما يجري إعداد صفحتها على Google Play، يتوفّر التطبيق الموقَّع من موقع Easy-Post ويُثبَّت ويقترن بالطريقة نفسها تمامًا.
• شحن دولي أوضح — على أي مسار يتطلّب التخليص الجمركي، أصبح إجراء الحصول على الأسعار الآن أسفل قسم الجمارك، بحيث تُستكمل الإقرارات قبل تسعير الشحنة.
• إنشاء شحنة أكثر سلاسة — إعدادات طرود محفوظة، وتحرير دفتر العناوين في مكانه، ولوحة أسعار تتوسّع لعرض جميع عروض الأسعار دفعة واحدة.
• تحسينات وإصلاحات في كل مكان.","• সঙ্গী মোবাইল অ্যাপ — ফোন থেকে শিপমেন্ট ট্র্যাক করুন এবং বিমা, দাবি ও পিকআপ পরিচালনা করুন, কেবল একটি QR কোড স্ক্যান করে পেয়ার করুন। মোবাইল ট্র্যাকিং ভিউ ক্যারিয়ার অনুযায়ী রঙে চিহ্নিত এবং প্রতিটি পর্যায়ের জন্য একটি স্পষ্ট স্ট্যাটাস আইকন দেখায়। iPhone সংস্করণ App Store-এর মাধ্যমে পাওয়া যায়। Android সংস্করণ এখনকার মতো সরাসরি ডাউনলোড হিসেবে দেওয়া হচ্ছে: যতক্ষণ এর Google Play তালিকা প্রস্তুত করা হচ্ছে, স্বাক্ষরিত অ্যাপটি Easy-Post ওয়েবসাইট থেকে পাওয়া যায় এবং ঠিক একইভাবে ইনস্টল ও পেয়ার হয়।
• আরও স্পষ্ট আন্তর্জাতিক শিপিং — কাস্টমস-প্রয়োজনীয় রুটে 'রেট নিন' অ্যাকশনটি এখন কাস্টমস বিভাগের নিচে থাকে, ফলে রেট নির্ধারণের আগেই ঘোষণাপত্র সম্পূর্ণ হয়।
• আরও মসৃণ শিপমেন্ট তৈরি — সংরক্ষিত প্যাকেজ প্রিসেট, একই জায়গায় ঠিকানা-বই সম্পাদনা, এবং একটি রেট প্যানেল যা একসাথে সব উদ্ধৃতি দেখাতে প্রসারিত হয়।
• সর্বত্র উন্নতি ও সংশোধন।","• Aplicativos móveis complementares — acompanhe envios e gerencie seguros, reclamações e coletas pelo telefone, com pareamento feito ao escanear um único código QR. A visualização de rastreamento no celular é codificada por cores conforme a transportadora, com um ícone de status claro para cada etapa. A edição para iPhone chega pela App Store. A edição para Android é oferecida por enquanto como download direto: enquanto sua página no Google Play ainda está sendo preparada, o app assinado está disponível no site da Easy-Post e é instalado e pareado exatamente da mesma forma.
• Envios internacionais mais claros — em uma rota que exige alfândega, a ação Obter tarifas agora fica abaixo da seção de alfândega, para que as declarações sejam concluídas antes da cotação.
• Uma criação de envio mais fluida — predefinições de pacote salvas, edição do catálogo de endereços no próprio local e um painel de tarifas que se expande para mostrar todas as cotações de uma vez.
• Aprimoramentos e correções por toda parte.","• Сопутствующие мобильные приложения — отслеживайте отправления и управляйте страхованием, претензиями и вызовами курьера прямо с телефона, а сопряжение выполняется сканированием одного QR-кода. Мобильный экран отслеживания имеет цветовую маркировку по перевозчику и понятный значок статуса для каждого этапа. Версия для iPhone доступна через App Store. Версия для Android пока предлагается в виде прямой загрузки: пока её страница в Google Play ещё готовится, подписанное приложение доступно на сайте Easy-Post, а устанавливается и сопрягается точно так же.
• Более понятная международная отправка — на маршрутах, требующих таможенного оформления, действие «Получить тарифы» теперь расположено под разделом таможни, чтобы декларации заполнялись до расчёта стоимости.
• Более удобное создание отправления — сохранённые шаблоны посылок, редактирование адресной книги на месте и панель тарифов, которая разворачивается, показывая сразу все предложения.
• Улучшения и исправления по всему приложению.","• ساتھی موبائل ایپس — ایک QR کوڈ اسکین کر کے پیئر کریں اور اپنے فون سے شپمنٹس کی ٹریکنگ کریں اور انشورنس، دعوے اور پک اپ منتظم کریں۔ موبائل ٹریکنگ وئیو کیرئیر کے لحاظ سے رنگوں میں مرتب ہے اور ہر مرحلے کے لیے ایک واضح اسٹیٹس آئیکن دکھاتا ہے۔ iPhone ایڈیشن App Store کے ذریعے دستیاب ہے۔ Android ایڈیشن فی الحال براہِ راست ڈاؤن لوڈ کے طور پر پیش کیا جا رہا ہے۔ جب تک اس کی Google Play فہرست تیار ہو رہی ہے، دستخط شدہ ایپ Easy-Post کی ویب سائٹ سے دستیاب ہے اور بالکل اسی طرح انسٹال اور پیئر ہو جاتا ہے۔
• واضح بین الاقوامی شپنگ — جس روٹ پر کسٹمز ضروری ہو، اب Get Rates کا عمل کسٹمز سیکشن کے نیچے رہتا ہے، تاکہ ریٹ سے پہلے اعلامیے مکمل ہو جائیں۔
• زیادہ رواں Create Shipment — محفوظ پیکج پری سیٹس، موقع پر ایڈریس بک کی تدوین، اور ایک ریٹس پینل جو پھیل کر ہر قیمت ایک ساتھ دکھاتا ہے۔
• ہر جگہ بہتریاں اور فکسز۔","• Aplikasi seluler pendamping — lacak pengiriman serta kelola asuransi, klaim, dan penjemputan dari ponsel, dipasangkan dengan memindai satu kode QR. Tampilan pelacakan seluler diberi kode warna menurut kurir dengan ikon status yang jelas untuk setiap tahap. Edisi iPhone tersedia melalui App Store. Edisi Android untuk saat ini ditawarkan sebagai unduhan langsung: selagi listing Google Play-nya masih disiapkan, aplikasi bertanda tangan tersedia di situs Easy-Post dan dipasang serta dipasangkan dengan cara yang persis sama.
• Pengiriman internasional yang lebih jelas — pada rute yang mewajibkan bea cukai, tindakan Get Rates kini berada di bawah bagian bea cukai, sehingga deklarasi diselesaikan sebelum penghitungan tarif.
• Create Shipment yang lebih mulus — preset paket tersimpan, penyuntingan buku alamat di tempat, dan panel tarif yang membentang untuk menampilkan setiap kutipan sekaligus.
• Berbagai penyempurnaan dan perbaikan di seluruh aplikasi.","• Begleitende Mobil-Apps — Sendungen verfolgen und Versicherungen, Reklamationen sowie Abholungen vom Smartphone aus verwalten, gekoppelt durch das Scannen eines einzigen QR-Codes. Die mobile Trackingansicht ist nach Versanddienst farblich gekennzeichnet und zeigt für jede Phase ein klares Statussymbol. Die iPhone-Ausgabe kommt über den App Store. Die Android-Ausgabe wird vorerst als direkter Download angeboten: solange der Google Play-Eintrag noch vorbereitet wird, ist die signierte App auf der Easy-Post-Website erhältlich und lässt sich genauso installieren und koppeln.
• Übersichtlicherer internationaler Versand — auf einer zollpflichtigen Route steht die Aktion Get Rates jetzt unter dem Zollbereich, sodass Erklärungen vor der Tarifermittlung ausgefüllt werden.
• Ein reibungsloseres Create Shipment — gespeicherte Paketvorlagen, direktes Bearbeiten im Adressbuch und ein Tarifbereich, der sich ausklappt, um alle Angebote auf einmal zu zeigen.
• Verfeinerungen und Fehlerbehebungen durchgehend.","• コンパニオンモバイルアプリ — 1つのQRコードをスキャンしてペアリングし、スマートフォンから配送の追跡、保険・クレーム・集荷の管理ができます。モバイルの追跡画面は配送会社ごとに色分けされ、各段階に明確なステータスアイコンが表示されます。iPhone版はApp Storeで提供されます。Android版は当面直接ダウンロードとして提供します。Google Playのリスティングは準備中のため、署名済みアプリをEasy-Postのウェブサイトから入手でき、同じようにインストール・ペアリングできます。
• より分かりやすい国際発送 — 税関手続が必要なルートでは、Get Ratesの操作が税関セクションの下に配置され、料金算定の前に申告を完了できます。
• よりスムーズなCreate Shipment — 保存した荷物プリセット、アドレス帳のその場での編集、すべての見積を一度に表示するよう展開する料金パネル。
• 全体にわたる改善と修正。","• सहचर मोबाइल अ‍ॅप्स — एकच QR कोड स्कॅन करून जोडून, फोनवरून शिपमेंट्सचा मागोवा घ्या आणि विमा, दावे आणि पिकअप व्यवस्थापित करा. मोबाइल ट्रॅकिंग दृश्य वाहकानुसार रंग-संकेतित असून प्रत्येक टप्प्यासाठी स्पष्ट स्थिती आयकॉन दाखवते. iPhone आवृत्ती App Store द्वारे उपलब्ध आहे. Android आवृत्ती सध्या थेट डाउनलोड म्हणून दिली जाते: तिचे Google Play लिस्टिंग अजून तयार होत असताना, स्वाक्षरित अ‍ॅप Easy-Post वेबसाइटवरून उपलब्ध आहे आणि नेमक्या त्याच पद्धतीने स्थापित आणि जोडली जाते.
• अधिक स्पष्ट आंतरराष्ट्रीय शिपिंग — कस्टम्स आवश्यक असलेल्या मार्गावर Get Rates क्रिया आता कस्टम्स विभागाच्या खाली असते, त्यामुळे दर निश्चित करण्यापूर्वी घोषणा पूर्ण होतात.
• अधिक सुरळीत Create Shipment — जतन केलेले पॅकेज प्रीसेट, जागच्या जागी अ‍ॅड्रेस-बुक संपादन, आणि सर्व कोट्स एकाच वेळी दाखवण्यासाठी विस्तारणारे दर पॅनेल.
• सर्वत्र सुधारणा आणि दुरुस्त्या.","• తోడు మొబైల్ యాప్‌లు — ఒకే QR కోడ్‌ను స్కాన్ చేసి జత చేసి, ఫోన్ నుండి షిప్‌మెంట్‌లను ట్రాక్ చేయండి, బీమా, క్లెయిమ్‌లు, పికప్‌లను నిర్వహించండి. మొబైల్ ట్రాకింగ్ వ్యూ క్యారియర్ ఆధారంగా రంగులతో గుర్తించబడి, ప్రతి దశకు స్పష్టమైన స్టేటస్ ఐకాన్‌ను చూపుతుంది. iPhone ఎడిషన్ App Store ద్వారా అందుబాటులో ఉంటుంది. Android ఎడిషన్ ప్రస్తుతానికి డైరెక్ట్ డౌన్‌లోడ్‌గా అందిస్తున్నాం: దాని Google Play జాబితా ఇంకా సిద్ధమవుతున్నందున, సైన్ చేసిన యాప్ Easy-Post వెబ్‌సైట్‌లో లభిస్తుంది, దాన్ని అచ్చం అదే విధంగా ఇన్‌స్టాల్ చేసి జత చేయవచ్చు.
• మరింత స్పష్టమైన అంతర్జాతీయ షిప్పింగ్ — కస్టమ్స్ అవసరమైన మార్గంలో ఇప్పుడు Get Rates చర్య కస్టమ్స్ విభాగం కింద ఉంటుంది, తద్వారా రేట్ల ముందే డిక్లరేషన్లు పూర్తవుతాయి.
• మరింత సాఫీగా Create Shipment — సేవ్ చేసిన ప్యాకేజీ ప్రీసెట్లు, అడ్రస్-బుక్ అక్కడే ఎడిట్ చేయడం, మరియు అన్ని కోట్‌లను ఒకేసారి చూపేందుకు విస్తరించే రేట్ల ప్యానెల్.
• మొత్తం మీద మెరుగుదలలు మరియు పరిష్కారాలు.","• Tamamlayıcı mobil uygulamalar — tek bir QR kodunu tarayarak eşleştirin, gönderileri telefonunuzdan takip edin ve sigorta, talep ve alımları yönetin. Mobil takip görünümü taşıyıcıya göre renk kodludur ve her aşama için net bir durum simgesi gösterir. iPhone sürümü App Store üzerinden gelir. Android sürümü şimdilik doğrudan indirme olarak sunuluyor: Google Play listelemesi hâlâ hazırlanırken, imzalı uygulama Easy-Post web sitesinden edinilebilir ve tam olarak aynı şekilde kurulup eşleştirilir.
• Daha net uluslararası gönderim — gümrük gereken bir güzergâhta Get Rates eylemi artık gümrük bölümünün altında yer alıyor, böylece beyanlar fiyatlandırmadan önce tamamlanıyor.
• Daha akıcı bir Create Shipment — kaydedilmiş paket ön ayarları, yerinde adres defteri düzenleme ve tüm teklifleri aynı anda göstermek için genişleyen bir fiyat paneli.
• Baştan sona iyileştirmeler ve düzeltmeler.","• துணை மொபைல் செயலிகள் — ஒரே ஒரு QR குறியீட்டை ஸ்கேன் செய்து இணைத்து, உங்கள் தொலைபேசியிலிருந்தே ஷிப்மென்ட்களைக் கண்காணித்து, காப்பீடு, கோரிக்கைகள் மற்றும் பிக்கப்களை நிர்வகிக்கலாம். மொபைல் கண்காணிப்புக் காட்சி கேரியரின்படி வண்ணக் குறியீடு கொண்டது, ஒவ்வொரு கட்டத்திற்கும் தெளிவான நிலை ஐகானைக் காட்டுகிறது. iPhone பதிப்பு App Store வழியாகக் கிடைக்கிறது. Android பதிப்பு தற்போதைக்கு நேரடிப் பதிவிறக்கமாக வழங்கப்படுகிறது: அதன் Google Play பட்டியல் இன்னும் தயாராகிக்கொண்டிருக்கும் நிலையில், கையொப்பமிடப்பட்ட செயலி Easy-Post இணையதளத்தில் கிடைக்கிறது, அதே முறையில் நிறுவப்பட்டு இணைக்கப்படுகிறது.
• தெளிவான சர்வதேச அனுப்புதல் — சுங்கம் தேவைப்படும் வழியில் Get Rates செயல் இப்போது சுங்கப் பகுதிக்குக் கீழே உள்ளது, எனவே கட்டணம் கணிக்கும் முன்பே அறிவிப்புகள் பூர்த்தி செய்யப்படுகின்றன.
• மென்மையான Create Shipment — சேமித்த பொதி முன்னமைப்புகள், இடத்திலேயே முகவரிப் புத்தகத் திருத்தம், மற்றும் அனைத்து மதிப்பீடுகளையும் ஒரே சமயத்தில் காட்ட விரிவடையும் கட்டணப் பலகம்.
• எங்கும் மேம்பாடுகளும் சரிசெய்தல்களும்.","• Ứng dụng di động đồng hành — theo dõi lô hàng và quản lý bảo hiểm, khiếu nại cùng lịch lấy hàng ngay trên điện thoại, ghép nối bằng cách quét một mã QR duy nhất. Giao diện theo dõi trên di động được phân màu theo hãng vận chuyển với biểu tượng trạng thái rõ ràng cho từng chặng. Phiên bản iPhone có trên App Store. Phiên bản Android hiện được cung cấp dưới dạng tải trực tiếp: trong khi trang Google Play vẫn đang được chuẩn bị, ứng dụng đã ký có sẵn trên trang web Easy-Post và cài đặt cùng ghép nối theo đúng cách như vậy.
• Vận chuyển quốc tế rõ ràng hơn — trên tuyến cần khai hải quan, nút Get Rates giờ nằm dưới phần hải quan, để hoàn tất tờ khai trước khi tính giá.
• Tạo lô hàng mượt mà hơn — cài đặt sẵn gói hàng đã lưu, chỉnh sửa sổ địa chỉ tại chỗ và bảng giá mở rộng để hiển thị mọi báo giá cùng lúc.
• Tinh chỉnh và sửa lỗi trên toàn ứng dụng.","• 동반 모바일 앱 — 배송을 추적하고 보험, 클레임, 수거를 휴대폰에서 관리하며, 단일 QR 코드 하나만 스캔하면 페어링됩니다. 모바일 추적 화면은 운송사별로 색상이 구분되고 각 단계마다 명확한 상태 아이콘을 표시합니다. iPhone 버전은 App Store에서 제공됩니다. Android 버전은 현재 직접 다운로드로 제공됩니다: Google Play 등록이 아직 준비 중인 동안, 서명된 앱을 Easy-Post 웹사이트에서 받을 수 있으며 동일한 방식으로 설치되고 페어링됩니다.
• 더 명확한 국제 배송 — 통관이 필요한 경로에서는 Get Rates 작업이 이제 통관 섹션 아래에 위치하여, 요금 산정 전에 신고를 완료하도록 합니다.
• 더 매끄러운 배송 생성 — 저장된 패키지 프리셋, 현장에서 바로 편집하는 주소록, 그리고 모든 견적을 한 번에 펼쳐 보여주는 요금 패널.
• 전반적인 개선 및 버그 수정.","• اپلیکیشن‌های همراه موبایل — پیگیری مرسوله‌ها و مدیریت بیمه، خسارت‌ها و درخواست‌های تحویل از روی گوشی، با اسکن یک کد QR واحد جفت می‌شوند. نمای پیگیری موبایل بر اساس شرکت حمل‌ونقل رنگ‌بندی شده و برای هر مرحله نماد وضعیت روشنی دارد. نسخه iPhone از طریق App Store عرضه می‌شود. نسخه Android فعلاً به‌صورت دانلود مستقیم ارائه می‌شود: تا زمانی که فهرست Google Play آن هنوز در حال آماده‌سازی است، اپلیکیشن امضاشده از وب‌سایت Easy-Post در دسترس است و دقیقاً به همان شکل نصب و جفت می‌شود.
• ارسال بین‌المللی شفاف‌تر — در مسیرهایی که گمرک لازم است، اکنون دکمه Get Rates زیر بخش گمرک قرار دارد تا اظهارنامه‌ها پیش از محاسبه نرخ تکمیل شوند.
• ساخت مرسوله روان‌تر — پیش‌تنظیم‌های بسته ذخیره‌شده، ویرایش درجای دفترچه آدرس و پنل نرخی که باز می‌شود تا همه پیشنهادها را یکجا نشان دهد.
• بهبودها و رفع اشکال در سراسر برنامه.","• Manhajojin wayar hannu na tafiya tare — bibiyar kaya da sarrafa inshora, da'awa da tsare-tsaren ɗauka daga waya, ana haɗa su ta hanyar leƙa lambar QR guda ɗaya. Fuskar bibiya ta wayar hannu tana da launi bisa ga kamfanin jigilar da alamar matsayi bayyananna ga kowane mataki. Sigar iPhone tana zuwa ta App Store. Ana bayar da sigar Android a matsayin zazzagewa kai tsaye a yanzu: yayin da ake shirya jerin Google Play nata, manhajar da aka sa hannu tana samuwa a shafin yanar gizon Easy-Post kuma tana shigarwa da haɗawa daidai yadda take.
• Jigilar ƙasa da ƙasa mai bayyani — a hanyar da ke buƙatar kwastam, aikin Get Rates yanzu yana ƙarƙashin sashen kwastam, don haka ana kammala sanarwar kafin ƙididdigar farashi.
• Ƙirƙirar Jigila mai sauƙi — saitunan kunshi da aka ajiye, gyaran littafin adireshi a wuri guda, da kwamitin farashi da ke buɗewa don nuna kowace farashi lokaci ɗaya.
• Gyare-gyare da gyaran matsaloli ko'ina.","• Programu za simu za kuandamana — fuatilia usafirishaji na dhibiti bima, madai na uchukuaji kutoka kwenye simu, zikiunganishwa kwa kuchanganua msimbo mmoja wa QR. Mwonekano wa ufuatiliaji wa simu una rangi kulingana na kampuni ya usafirishaji, ukiwa na aikoni ya hali iliyo wazi kwa kila hatua. Toleo la iPhone linapatikana kupitia App Store. Toleo la Android linatolewa kama upakuaji wa moja kwa moja kwa sasa: wakati orodha yake ya Google Play bado inaandaliwa, programu iliyotiwa saini inapatikana kwenye tovuti ya Easy-Post na inasakinishwa na kuunganishwa kwa njia ile ile.
• Usafirishaji wa kimataifa ulio wazi zaidi — kwenye njia inayohitaji forodha, kitendo cha Get Rates sasa kiko chini ya sehemu ya forodha, ili matamko yakamilishwe kabla ya kukokotoa bei.
• Uundaji wa Usafirishaji ulio laini zaidi — mipangilio ya vifurushi iliyohifadhiwa, uhariri wa kitabu cha anwani papo hapo, na paneli ya bei inayopanuka kuonyesha kila nukuu kwa wakati mmoja.
• Maboresho na marekebisho kote.","• App mobile companion — traccia le spedizioni e gestisci assicurazione, reclami e ritiri dal telefono, con abbinamento tramite la scansione di un singolo codice QR. La vista di tracciamento mobile è codificata per colore in base al corriere, con un'icona di stato chiara per ogni fase. L'edizione per iPhone arriva tramite l'App Store. L'edizione Android è offerta per ora come download diretto: mentre la sua scheda su Google Play è ancora in preparazione, l'app firmata è disponibile sul sito Easy-Post e si installa e si abbina esattamente allo stesso modo.
• Spedizioni internazionali più chiare — su un percorso che richiede la dogana, l'azione Get Rates si trova ora sotto la sezione doganale, così le dichiarazioni vengono completate prima del calcolo delle tariffe.
• Una Creazione Spedizione più fluida — preimpostazioni di pacchi salvate, modifica della rubrica sul posto e un pannello tariffe che si espande per mostrare tutti i preventivi in una volta.
• Perfezionamenti e correzioni ovunque.","• ਸਾਥੀ ਮੋਬਾਈਲ ਐਪਾਂ — ਸ਼ਿਪਮੈਂਟਾਂ ਨੂੰ ਟਰੈਕ ਕਰੋ ਅਤੇ ਬੀਮਾ, ਦਾਅਵੇ ਅਤੇ ਪਿਕਅੱਪ ਫ਼ੋਨ ਤੋਂ ਪ੍ਰਬੰਧਿਤ ਕਰੋ, ਇੱਕੋ QR ਕੋਡ ਸਕੈਨ ਕਰਕੇ ਜੋੜੀਆਂ ਜਾਂਦੀਆਂ ਹਨ। ਮੋਬਾਈਲ ਟਰੈਕਿੰਗ ਦ੍ਰਿਸ਼ ਕੈਰੀਅਰ ਅਨੁਸਾਰ ਰੰਗ-ਕੋਡਿਡ ਹੈ ਅਤੇ ਹਰ ਪੜਾਅ ਲਈ ਸਪਸ਼ਟ ਸਥਿਤੀ ਆਈਕਨ ਦਿੰਦਾ ਹੈ। iPhone ਸੰਸਕਰਣ App Store ਰਾਹੀਂ ਆਉਂਦਾ ਹੈ। Android ਸੰਸਕਰਣ ਫ਼ਿਲਹਾਲ ਸਿੱਧੀ ਡਾਊਨਲੋਡ ਵਜੋਂ ਪੇਸ਼ ਕੀਤਾ ਗਿਆ ਹੈ: ਜਦੋਂ ਤੱਕ ਇਸ ਦੀ Google Play ਸੂਚੀ ਤਿਆਰ ਹੋ ਰਹੀ ਹੈ, ਦਸਤਖ਼ਤ ਕੀਤੀ ਐਪ Easy-Post ਵੈੱਬਸਾਈਟ ਤੋਂ ਉਪਲਬਧ ਹੈ ਅਤੇ ਬਿਲਕੁਲ ਉਸੇ ਤਰ੍ਹਾਂ ਇੰਸਟਾਲ ਅਤੇ ਜੋੜੀ ਜਾਂਦੀ ਹੈ।
• ਸਪਸ਼ਟ ਅੰਤਰਰਾਸ਼ਟਰੀ ਸ਼ਿਪਿੰਗ — ਕਸਟਮ-ਲੋੜੀਂਦੇ ਰੂਟ 'ਤੇ Get Rates ਕਿਰਿਆ ਹੁਣ ਕਸਟਮ ਭਾਗ ਦੇ ਹੇਠਾਂ ਹੈ, ਤਾਂ ਜੋ ਰੇਟਿੰਗ ਤੋਂ ਪਹਿਲਾਂ ਘੋਸ਼ਣਾਵਾਂ ਪੂਰੀਆਂ ਹੋ ਜਾਣ।
• ਹੋਰ ਸੁਚਾਰੂ Create Shipment — ਸੰਭਾਲੇ ਪੈਕੇਜ ਪ੍ਰੀਸੈੱਟ, ਥਾਂ 'ਤੇ ਪਤਾ-ਕਿਤਾਬ ਸੰਪਾਦਨ, ਅਤੇ ਰੇਟ ਪੈਨਲ ਜੋ ਹਰ ਹਵਾਲੇ ਨੂੰ ਇੱਕੋ ਵਾਰ ਦਿਖਾਉਣ ਲਈ ਫੈਲਦਾ ਹੈ।
• ਹਰ ਥਾਂ ਸੁਧਾਰ ਅਤੇ ਫ਼ਿਕਸ।","• સાથી મોબાઇલ એપ્સ — શિપમેન્ટ ટ્રૅક કરો અને ફોનથી વીમો, દાવા અને પિકઅપ મેનેજ કરો, એક જ QR કોડ સ્કૅન કરીને જોડાય છે. મોબાઇલ ટ્રૅકિંગ વ્યૂ કૅરિયર પ્રમાણે રંગ-કોડેડ છે અને દરેક તબક્કા માટે સ્પષ્ટ સ્ટેટસ આઇકન આપે છે. iPhone આવૃત્તિ App Store દ્વારા મળે છે. Android આવૃત્તિ હાલ સીધા ડાઉનલોડ તરીકે આપવામાં આવે છે: જ્યારે તેની Google Play યાદી હજી તૈયાર થઈ રહી છે, ત્યારે સહી કરેલી એપ Easy-Post વેબસાઇટ પરથી ઉપલબ્ધ છે અને બરાબર એ જ રીતે ઇન્સ્ટોલ અને જોડાય છે.
• સ્પષ્ટ આંતરરાષ્ટ્રીય શિપિંગ — કસ્ટમ્સ જરૂરી હોય તેવા રૂટ પર Get Rates ક્રિયા હવે કસ્ટમ્સ વિભાગની નીચે છે, જેથી દર ગણતરી પહેલાં ઘોષણાઓ પૂર્ણ થાય.
• વધુ સરળ Create Shipment — સાચવેલા પૅકેજ પ્રીસેટ, જગ્યાએ જ સરનામા-પુસ્તિકા સંપાદન, અને દરેક ક્વોટ એકસાથે બતાવવા વિસ્તરતું રેટ પૅનલ.
• સર્વત્ર સુધારા અને ફિક્સ.","• የተጓዳኝ ሞባይል መተግበሪያዎች — ጭነቶችን ይከታተሉ እና ኢንሹራንስ፣ ካሳ እና መነሻ አገልግሎቶችን ከስልክ ያስተዳድሩ፣ አንድ QR ኮድ በመቃኘት የተጣመሩ። የሞባይል መከታተያ እይታው በአጓጓዥ በቀለም የተለየ ሆኖ ለእያንዳንዱ ደረጃ ግልጽ የሁኔታ አዶ አለው። የiPhone እትም በApp Store ይደርሳል። የAndroid እትም ለአሁኑ እንደ ቀጥተኛ ማውረድ ይቀርባል፦ የGoogle Play ዝርዝሩ አሁንም እየተዘጋጀ ሳለ፣ የተፈረመው መተግበሪያ ከEasy-Post ድረ ገጽ ይገኛል እና በተመሳሳይ መንገድ ይጫናል እና ይጣመራል።
• ግልጽ የሆነ ዓለም አቀፍ ጭነት — በጉምሩክ በሚያስፈልገው መንገድ ላይ የGet Rates እርምጃ አሁን ከጉምሩክ ክፍል በታች ይገኛል፣ ስለዚህ መግለጫዎች ከዋጋ አወሳሰን በፊት ይጠናቀቃሉ።
• ይበልጥ ለስላሳ የሆነ Create Shipment — የተቀመጡ የጥቅል ቅድመ ዝግጅቶች፣ በቦታው የአድራሻ ደብተር አርትዖት እና ሁሉንም ዋጋዎች በአንድ ጊዜ ለማሳየት የሚስፋፋ የዋጋ ፓነል።
• በሁሉም ቦታ ማሻሻያዎች እና ጥገናዎች።","• แอปมือถือคู่หู — ติดตามการจัดส่งและจัดการประกัน การเคลม และการนัดรับพัสดุจากโทรศัพท์ จับคู่ด้วยการสแกนรหัส QR เพียงอันเดียว มุมมองการติดตามบนมือถือแยกสีตามผู้ขนส่ง พร้อมไอคอนสถานะที่ชัดเจนสำหรับแต่ละขั้นตอน รุ่น iPhone มาทาง App Store ส่วนรุ่น Android เปิดให้ดาวน์โหลดโดยตรงไปก่อน ระหว่างที่รายการบน Google Play ยังจัดเตรียมอยู่ แอปที่ลงลายเซ็นแล้วมีให้ที่เว็บไซต์ Easy-Post ติดตั้งและจับคู่ได้เหมือนกันทุกประการ
• การจัดส่งระหว่างประเทศที่ชัดเจนขึ้น — บนเส้นทางที่ต้องผ่านศุลกากร ปุ่ม Get Rates จะอยู่ใต้ส่วนศุลกากรแล้ว จึงกรอกเอกสารสำแดงให้เสร็จก่อนคิดค่าจัดส่ง
• Create Shipment ที่ลื่นไหลขึ้น — ค่าพัสดุที่บันทึกไว้ล่วงหน้า แก้ไขสมุดที่อยู่ได้ในที่เดิม และแผงอัตราค่าจัดส่งที่ขยายเพื่อแสดงทุกใบเสนอราคาพร้อมกัน
• ปรับปรุงและแก้ไขในทุกส่วน","• ಸಂಗಾತಿ ಮೊಬೈಲ್ ಆ್ಯಪ್‌ಗಳು — ಒಂದೇ QR ಕೋಡ್ ಸ್ಕ್ಯಾನ್ ಮಾಡಿ ಜೋಡಿಸಿ, ಫೋನ್‌ನಿಂದ ಸಾಗಣೆಗಳನ್ನು ಟ್ರ್ಯಾಕ್ ಮಾಡಿ ಮತ್ತು ವಿಮೆ, ಕ್ಲೇಮ್‌ಗಳು ಹಾಗೂ ಪಿಕಪ್‌ಗಳನ್ನು ನಿರ್ವಹಿಸಿ. ಮೊಬೈಲ್ ಟ್ರ್ಯಾಕಿಂಗ್ ವೀಕ್ಷಣೆಯು ವಾಹಕದ ಪ್ರಕಾರ ಬಣ್ಣ-ಕೋಡ್ ಹೊಂದಿದ್ದು, ಪ್ರತಿ ಹಂತಕ್ಕೂ ಸ್ಪಷ್ಟ ಸ್ಥಿತಿ ಐಕಾನ್ ಇದೆ. iPhone ಆವೃತ್ತಿ App Store ಮೂಲಕ ಬರುತ್ತದೆ. Android ಆವೃತ್ತಿಯನ್ನು ಸದ್ಯಕ್ಕೆ ನೇರ ಡೌನ್‌ಲೋಡ್ ಆಗಿ ನೀಡಲಾಗಿದೆ: ಅದರ Google Play ಪಟ್ಟಿ ಇನ್ನೂ ಸಿದ್ಧಗೊಳ್ಳುತ್ತಿರುವಾಗ, ಸಹಿ ಮಾಡಿದ ಆ್ಯಪ್ Easy-Post ವೆಬ್‌ಸೈಟ್‌ನಿಂದ ಲಭ್ಯವಿದ್ದು, ಅದೇ ರೀತಿ ಇನ್‌ಸ್ಟಾಲ್ ಆಗಿ ಜೋಡಿಸುತ್ತದೆ.
• ಸ್ಪಷ್ಟವಾದ ಅಂತರರಾಷ್ಟ್ರೀಯ ಸಾಗಣೆ — ಕಸ್ಟಮ್ಸ್ ಅಗತ್ಯವಿರುವ ಮಾರ್ಗದಲ್ಲಿ Get Rates ಕ್ರಿಯೆ ಈಗ ಕಸ್ಟಮ್ಸ್ ವಿಭಾಗದ ಕೆಳಗೆ ಇರುತ್ತದೆ, ಆದ್ದರಿಂದ ದರ ನಿಗದಿಗೂ ಮುನ್ನ ಘೋಷಣೆಗಳು ಪೂರ್ಣಗೊಳ್ಳುತ್ತವೆ.
• ಹೆಚ್ಚು ಸುಗಮ Create Shipment — ಉಳಿಸಿದ ಪ್ಯಾಕೇಜ್ ಪ್ರಿಸೆಟ್‌ಗಳು, ಸ್ಥಳದಲ್ಲೇ ವಿಳಾಸ ಪುಸ್ತಕ ಸಂಪಾದನೆ ಮತ್ತು ಎಲ್ಲಾ ದರಗಳನ್ನು ಒಂದೇ ಬಾರಿಗೆ ತೋರಿಸಲು ವಿಸ್ತರಿಸುವ ದರ ಫಲಕ.
• ಎಲ್ಲೆಡೆ ಪರಿಷ್ಕರಣೆಗಳು ಮತ್ತು ದೋಷ ಪರಿಹಾರಗಳು.","• Àwọn áàpù alágbèéká alábàáṣiṣẹ́pọ̀ — tọpasẹ̀ àwọn ẹrù ìfiránṣẹ́ kí o sì ṣàkóso ìdánilójú, àwọn ẹ̀bẹ̀ àti ìgbẹ́rù láti orí fóònù, tí a so pọ̀ nípa ṣíṣàyẹ̀wò kóòdù QR kan ṣoṣo. Ìwòye ìtọpasẹ̀ lórí fóònù ní àwọ̀ tó yàtọ̀ ní ìbámu pẹ̀lú olùgbé ẹrù, pẹ̀lú àmì ipò tó ṣe kedere fún ìpele kọ̀ọ̀kan. Ẹ̀dà iPhone ń dé nípasẹ̀ App Store. A ń fún ni ní ẹ̀dà Android gẹ́gẹ́ bí ìgbàsílẹ̀ tààrà fún ìsinsìnyí: nígbà tí àkọsílẹ̀ Google Play rẹ̀ ṣì wà ní ìmúrasílẹ̀, áàpù tí a fọwọ́sí wà ní orí wẹ́ẹ̀bù Easy-Post, ó sì ń fi ara sórí ẹ̀rọ, ó sì ń so pọ̀ ní ọ̀nà kan náà gan-an.
• Ìfiránṣẹ́ ilẹ̀ òkèèrè tó ṣe kedere — ní ojú ọ̀nà tó nílò kọ́sitọ́mù, ìṣe Get Rates wà nísàlẹ̀ apá kọ́sitọ́mù báyìí, kí a lè parí àwọn ìkéde kí a tó ṣírò owó.
• Create Shipment tó rọrùn sí i — àwọn ìtòlẹ́sẹẹsẹ ìdìpọ̀ tí a fi pamọ́, ṣíṣàtúnṣe ìwé àdírẹ́sì níbẹ̀ náà, àti pátákó owó tó ń gbòòrò láti fi gbogbo ìdíyelé hàn lẹ́ẹ̀kan náà.
• Àwọn àtúnṣe àti àtúnṣe àṣìṣe káàkiri.","• Hamroh mobil ilovalar — jo‘natmalarni kuzating hamda sug‘urta, da’volar va olib ketishlarni telefondan boshqaring, bitta QR kodni skanerlab ulanadi. Mobil kuzatuv ko‘rinishi tashuvchi bo‘yicha rangli belgilangan bo‘lib, har bir bosqich uchun aniq holat belgisi bor. iPhone nashri App Store orqali keladi. Android nashri hozircha to‘g‘ridan-to‘g‘ri yuklab olish sifatida taklif etiladi: uning Google Play ro‘yxati hali tayyorlanayotgan bo‘lsa-da, imzolangan ilova Easy-Post veb-saytida mavjud va aynan xuddi shu tarzda o‘rnatiladi va ulanadi.
• Aniqroq xalqaro jo‘natish — bojxona talab qilinadigan yo‘nalishda Get Rates amali endi bojxona bo‘limi ostida joylashgan, shu bois deklaratsiyalar narx hisoblanishidan oldin to‘ldiriladi.
• Yanada silliq Create Shipment — saqlangan paket andozalari, joyida manzil daftarini tahrirlash va barcha takliflarni bir vaqtda ko‘rsatish uchun kengayadigan narxlar paneli.
• Hamma joyda yaxshilanishlar va tuzatishlar.","• കൂട്ടാളി മൊബൈൽ ആപ്പുകൾ — ഒരൊറ്റ QR കോഡ് സ്‌കാൻ ചെയ്‌ത് ജോടിയാക്കി, ഫോണിൽ നിന്ന് ഷിപ്‌മെന്റുകൾ ട്രാക്ക് ചെയ്യുകയും ഇൻഷുറൻസ്, ക്ലെയിമുകൾ, പിക്കപ്പുകൾ എന്നിവ കൈകാര്യം ചെയ്യുകയും ചെയ്യുക. മൊബൈൽ ട്രാക്കിംഗ് കാഴ്‌ച കാരിയർ അനുസരിച്ച് നിറം കൊണ്ട് വേർതിരിച്ചിരിക്കുന്നു, ഓരോ ഘട്ടത്തിനും വ്യക്തമായ സ്റ്റാറ്റസ് ഐക്കൺ ഉണ്ട്. iPhone പതിപ്പ് App Store വഴി എത്തുന്നു. Android പതിപ്പ് തൽക്കാലം നേരിട്ടുള്ള ഡൗൺലോഡ് ആയി നൽകുന്നു: അതിന്റെ Google Play ലിസ്റ്റിംഗ് ഇപ്പോഴും തയ്യാറാക്കിക്കൊണ്ടിരിക്കുമ്പോൾ, ഒപ്പിട്ട ആപ്പ് Easy-Post വെബ്‌സൈറ്റിൽ ലഭ്യമാണ്, അതേ രീതിയിൽ തന്നെ ഇൻസ്റ്റാൾ ചെയ്യുകയും ജോടിയാക്കുകയും ചെയ്യുന്നു.
• കൂടുതൽ വ്യക്തമായ അന്താരാഷ്ട്ര ഷിപ്പിംഗ് — കസ്റ്റംസ് ആവശ്യമുള്ള റൂട്ടിൽ Get Rates പ്രവർത്തനം ഇപ്പോൾ കസ്റ്റംസ് വിഭാഗത്തിന് താഴെയാണ്, അതിനാൽ റേറ്റിംഗിന് മുമ്പ് ഡിക്ലറേഷനുകൾ പൂർത്തിയാക്കുന്നു.
• കൂടുതൽ സുഗമമായ Create Shipment — സേവ് ചെയ്‌ത പാക്കേജ് പ്രീസെറ്റുകൾ, സ്ഥലത്ത് തന്നെ അഡ്രസ് ബുക്ക് എഡിറ്റിംഗ്, എല്ലാ ക്വോട്ടുകളും ഒരുമിച്ച് കാണിക്കാൻ വികസിക്കുന്ന റേറ്റ്‌സ് പാനൽ.
• എല്ലായിടത്തും മെച്ചപ്പെടുത്തലുകളും പരിഹാരങ്ങളും.","• ସହଯୋଗୀ ମୋବାଇଲ୍ ଆପ୍ — ଗୋଟିଏ QR କୋଡ୍ ସ୍କାନ୍ କରି ଯୋଡ଼ି, ଫୋନରୁ ଚାଲାଣଗୁଡ଼ିକ ଟ୍ରାକ୍ କରନ୍ତୁ ଏବଂ ବୀମା, ଦାବି ଓ ପିକଅପ୍ ପରିଚାଳନା କରନ୍ତୁ। ମୋବାଇଲ୍ ଟ୍ରାକିଂ ଦୃଶ୍ୟ ବାହକ ଅନୁସାରେ ରଙ୍ଗ-କୋଡ୍ ହୋଇଛି, ପ୍ରତ୍ୟେକ ପର୍ଯ୍ୟାୟ ପାଇଁ ଏକ ସ୍ପଷ୍ଟ ସ୍ଥିତି ଆଇକନ୍ ସହିତ। iPhone ସଂସ୍କରଣ App Store ମାଧ୍ୟମରେ ଆସେ। Android ସଂସ୍କରଣ ବର୍ତ୍ତମାନ ପାଇଁ ସିଧାସଳଖ ଡାଉନଲୋଡ୍ ଭାବରେ ଦିଆଯାଉଛି: ଏହାର Google Play ତାଲିକା ଏବେ ବି ପ୍ରସ୍ତୁତ ହେଉଥିବାବେଳେ, ସ୍ୱାକ୍ଷରିତ ଆପ୍ Easy-Post ୱେବସାଇଟରୁ ଉପଲବ୍ଧ ଏବଂ ଠିକ୍ ସେହିପରି ଇନଷ୍ଟଲ୍ ଓ ଯୋଡ଼ି ହୁଏ।
• ଅଧିକ ସ୍ପଷ୍ଟ ଆନ୍ତର୍ଜାତୀୟ ଚାଲାଣ — କଷ୍ଟମସ୍ ଆବଶ୍ୟକ ଥିବା ମାର୍ଗରେ Get Rates କାର୍ଯ୍ୟ ବର୍ତ୍ତମାନ କଷ୍ଟମସ୍ ବିଭାଗ ତଳେ ରହିଛି, ତେଣୁ ଦର ନିର୍ଣ୍ଣୟ ପୂର୍ବରୁ ଘୋଷଣା ସମ୍ପୂର୍ଣ୍ଣ ହୁଏ।
• ଅଧିକ ସୁଗମ Create Shipment — ସଞ୍ଚିତ ପ୍ୟାକେଜ୍ ପ୍ରିସେଟ୍, ସ୍ଥାନରେ ଠିକଣା ପୁସ୍ତିକା ସମ୍ପାଦନା ଏବଂ ସମସ୍ତ ଦର ଏକାଥରେ ଦେଖାଇବାକୁ ବିସ୍ତାରିତ ହେଉଥିବା ଦର ପ୍ୟାନେଲ୍।
• ସର୍ବତ୍ର ପରିଷ୍କରଣ ଏବଂ ମରାମତି।","• Мобільні застосунки-компаньйони — відстежуйте відправлення та керуйте страхуванням, претензіями й викликами кур’єра з телефона, поєднавши пристрої скануванням єдиного QR-коду. Перегляд відстеження на мобільному має кольорове кодування за перевізником і чіткий значок статусу для кожного етапу. Версія для iPhone надходить через App Store. Версію для Android наразі пропонується як пряме завантаження: поки її сторінку в Google Play ще готують, підписаний застосунок доступний на вебсайті Easy-Post і встановлюється та поєднується точно так само.
• Зрозуміліше міжнародне відправлення — на маршруті, що потребує митного оформлення, дія Get Rates тепер розташована під розділом митниці, тож декларації заповнюються до розрахунку тарифів.
• Зручніше створення відправлення (Create Shipment) — збережені шаблони пакунків, редагування адресної книги на місці та панель тарифів, що розгортається, показуючи всі пропозиції одразу.
• Удосконалення та виправлення повсюди.","• Towarzyszące aplikacje mobilne — śledź przesyłki oraz zarządzaj ubezpieczeniem, roszczeniami i odbiorami z telefonu, sparowanego przez zeskanowanie jednego kodu QR. Mobilny widok śledzenia jest oznaczony kolorami według przewoźnika, z czytelną ikoną statusu na każdym etapie. Wersja na iPhone dostępna jest w App Store. Wersja na Android jest na razie oferowana jako bezpośrednie pobranie: podczas gdy jej wpis w Google Play jest wciąż przygotowywany, podpisana aplikacja jest dostępna na stronie Easy-Post oraz instaluje się i paruje dokładnie tak samo.
• Przejrzystsza wysyłka międzynarodowa — na trasie wymagającej odprawy celnej akcja Pobierz stawki znajduje się teraz poniżej sekcji celnej, aby deklaracje były wypełnione przed wyceną.
• Płynniejsze tworzenie przesyłki — zapisane szablony paczek, edycja książki adresowej w miejscu oraz panel stawek rozwijający się, by pokazać wszystkie wyceny naraz.
• Udoskonalenia i poprawki w całej aplikacji.","• Aplikasi mudah alih pendamping — jejaki penghantaran serta urus insurans, tuntutan dan pengambilan dari telefon, dipasangkan dengan mengimbas satu kod QR. Paparan penjejakan mudah alih dikodkan warna mengikut pembawa dengan ikon status yang jelas bagi setiap peringkat. Edisi iPhone tiba melalui App Store. Edisi Android ditawarkan sebagai muat turun terus buat masa ini: sementara penyenaraian Google Play-nya masih disediakan, aplikasi bertandatangan itu tersedia di laman web Easy-Post serta dipasang dan dipasangkan dengan cara yang sama.
• Penghantaran antarabangsa yang lebih jelas — pada laluan yang memerlukan kastam, tindakan Dapatkan Kadar kini berada di bawah bahagian kastam, supaya pengisytiharan disiapkan sebelum penetapan kadar.
• Cipta Penghantaran yang lebih lancar — pratetap pakej yang disimpan, penyuntingan buku alamat di tempatnya, dan panel kadar yang berkembang untuk menunjukkan setiap sebut harga sekali gus.
• Penambahbaikan dan pembaikan di seluruh aplikasi.","• Bijbehorende mobiele apps — volg zendingen en beheer verzekering, claims en afhalingen vanaf een telefoon, gekoppeld door het scannen van één QR-code. De mobiele trackweergave is per vervoerder kleurgecodeerd met een duidelijk statuspictogram voor elke fase. De iPhone-editie verschijnt via de App Store. De Android-editie wordt voorlopig aangeboden als directe download: terwijl de Google Play-vermelding nog wordt voorbereid, is de ondertekende app beschikbaar op de Easy-Post-website en installeert en koppelt precies hetzelfde.
• Duidelijker internationaal verzenden — op een route waarvoor douane vereist is, staat de actie Tarieven ophalen nu onder het douanegedeelte, zodat aangiften vóór het tariferen worden voltooid.
• Een soepelere Zending aanmaken — opgeslagen pakketvoorinstellingen, ter plekke bewerken van het adresboek en een tarievenpaneel dat uitklapt om elke offerte tegelijk te tonen.
• Verfijningen en verbeteringen overal.","• Ngwa mkpanaka na-eso — soro mbupu ma jikwaa mkpuchi, mkpesa na mbutere site na ekwentị, ejikọtara site n'ịnyocha otu koodu QR. Nlele nsota mkpanaka ka e ji agba edozi site na onye na-ebu ibu, nwere akara ọnọdụ doro anya maka nkeji ọ bụla. Mbipụta iPhone na-abịa site na App Store. A na-enye mbipụta Android dị ka nbudata ozugbo ugbu a: mgbe a ka na-akwado ndepụta Google Play ya, ngwa e binyere aka dị na weebụsaịtị Easy-Post ma na-etinye ma jikọọ n'otu ụzọ ahụ.
• Mbupu mba ọzọ doro anya karịa — n'ụzọ chọrọ ọrụ kọstọm, omume Nweta Ọnụ ahịa ugbu a dị n'okpuru ngalaba kọstọm, ka e mechaa nkwupụta tupu ịtụ ọnụ ahịa.
• Imepụta Mbupu dị nro karịa — ihe ndozi ngwugwu echekwara, ndezi akwụkwọ adreesị n'ọnọdụ ya, na ogwe ọnụ ahịa nke na-agbasa iji gosi nkwupụta ọ bụla n'otu oge.
• Nkwalite na ndozi n'ebe niile.","• අනුබද්ධ ජංගම යෙදුම් — එක් QR කේතයක් ස්කෑන් කිරීමෙන් යුගල කළ දුරකථනයකින් නැව්ගත කිරීම් හඹා යන්න සහ රක්ෂණය, හිමිකම් සහ එකතු කිරීම් කළමනාකරණය කරන්න. ජංගම හඹායාමේ දසුන එක් එක් අදියරට පැහැදිලි තත්ත්ව නිරූපකයක් සමඟ වාහක අනුව වර්ණ කේතනය කර ඇත. iPhone සංස්කරණය App Store හරහා පැමිණේ. Android සංස්කරණය දැනට සෘජු බාගැනීමක් ලෙස පිරිනමයි: එහි Google Play ලැයිස්තුගත කිරීම තවමත් සකසමින් පවතින අතර, අත්සන් කළ යෙදුම Easy-Post වෙබ් අඩවියෙන් ලබා ගත හැකි අතර හරියටම එලෙසම ස්ථාපනය වී යුගල වේ.
• පැහැදිලි ජාත්‍යන්තර නැව්ගත කිරීම — රේගු අවශ්‍ය මාර්ගයක දී ගාස්තු ලබාගන්න ක්‍රියාව දැන් රේගු කොටසට පහළින් ඇත, එබැවින් ගාස්තු නියම කිරීමට පෙර ප්‍රකාශන සම්පූර්ණ කෙරේ.
• වඩාත් සුමට නැව්ගත කිරීමක් සෑදීම — සුරකින ලද පැකේජ පෙරසැකසුම්, ස්ථානයේම ලිපින පොත සංස්කරණය, සහ සෑම මිල ගණනක්ම එකවර පෙන්වීමට විහිදෙන ගාස්තු පැනලයක්.
• සෑම තැනම පිරිපහදු කිරීම් සහ නිවැරදි කිරීම්.","• सहयोगी मोबाइल एपहरू — एउटै QR कोड स्क्यान गरेर जोडिएको फोनबाट सिपमेन्ट ट्र्याक गर्नुहोस् र बीमा, दाबी तथा पिकअप व्यवस्थापन गर्नुहोस्। मोबाइल ट्र्याकिङ दृश्य प्रत्येक चरणका लागि स्पष्ट स्थिति आइकनसहित वाहक अनुसार रङ-कोडित छ। iPhone संस्करण App Store मार्फत आउँछ। Android संस्करण अहिलेका लागि प्रत्यक्ष डाउनलोडका रूपमा प्रस्तुत गरिएको छ: यसको Google Play सूची अझै तयार भइरहेको बेला, हस्ताक्षरित एप Easy-Post वेबसाइटबाट उपलब्ध छ र ठ्याक्कै उसै गरी स्थापना र जोडिन्छ।
• स्पष्ट अन्तर्राष्ट्रिय सिपिङ — भन्सार आवश्यक पर्ने मार्गमा Get Rates कार्य अब भन्सार खण्डभन्दा तल रहन्छ, ताकि दर निर्धारण गर्नुअघि घोषणाहरू पूरा होऊन्।
• अझ सहज Create Shipment — सुरक्षित प्याकेज प्रिसेटहरू, ठाउँमै ठेगाना-पुस्तिका सम्पादन, र सबै उद्धरण एकैपटक देखाउन विस्तार हुने दर प्यानल।
• सर्वत्र परिष्कार र सुधारहरू।","• Aplicații mobile însoțitoare — urmărește expedierile și gestionează asigurarea, reclamațiile și ridicările de pe telefon, împerecheat prin scanarea unui singur cod QR. Vizualizarea mobilă de urmărire este codificată cromatic pe transportatori, cu o pictogramă de stare clară pentru fiecare etapă. Ediția iPhone sosește prin App Store. Ediția Android este oferită deocamdată ca descărcare directă: în timp ce listarea sa în Google Play este încă în pregătire, aplicația semnată este disponibilă pe site-ul Easy-Post și se instalează și se împerechează exact la fel.
• Expediere internațională mai clară — pe o rută care necesită vamă, acțiunea Obține tarife se află acum sub secțiunea vamală, astfel încât declarațiile să fie completate înainte de tarifare.
• O creare a expedierii mai fluidă — presetări de colete salvate, editarea agendei de adrese pe loc și un panou de tarife care se extinde pentru a afișa fiecare cotație deodată.
• Rafinamente și remedieri peste tot.","• Ama-app aseselfoni ahambisanayo — landelela imithwalo bese ulawula umshwalense, izicelo nokulandwa kusuka efonini, exhunywe ngokuskena ikhodi eyodwa ye-QR. Ukubukwa kokulandelela kwaseselfoni kufakwe imibala ngokwenkampani ethwalayo enesithonjana sesimo esicacile sesigaba ngasinye. Uhlelo lwe-iPhone lufika nge-App Store. Uhlelo lwe-Android lunikezwa njengokulanda okuqondile okwamanje: ngenkathi uhlu lwalo lwe-Google Play lusalungiswa, i-app esayiniwe iyatholakala kuwebhusayithi ye-Easy-Post futhi ifakwa ixhumeke ngendlela efanayo ncimishi.
• Ukuthumela kwamazwe ngamazwe okucacile — emzileni odinga amasiko, isenzo sokuthola Amanani manje sihlala ngaphansi kwesigaba samasiko, ukuze izimemezelo ziqedwe ngaphambi kokubeka amanani.
• Ukudala Umthwalo okushelelayo — izilungiselelo zephakethe ezilondoloziwe, ukuhlela incwadi yamakheli endaweni, kanye nephaneli yamanani eyandayo ukukhombisa zonke izilinganiso ngasikhathi sinye.
• Ukucwengisisa nokulungisa kuyo yonke indawo.","• Mobilne aplikacije pratitelji — pratite pošiljke i upravljajte osiguranjem, odštetnim zahtjevima i preuzimanjima izravno s telefona, uparene skeniranjem jednog QR koda. Prikaz praćenja na mobitelu obojen je prema prijevozniku, uz jasnu ikonu statusa za svaku fazu. iPhone izdanje stiže putem App Store. Android izdanje za sada se nudi kao izravno preuzimanje: dok se njegov unos na Google Play još priprema, potpisana aplikacija dostupna je na Easy-Post web-mjestu te se instalira i uparuje na potpuno isti način.
• Jasnija međunarodna dostava — na ruti koja zahtijeva carinu radnja Get Rates sada se nalazi ispod carinskog odjeljka, pa se deklaracije ispune prije izračuna cijene.
• Ugodnije stvaranje pošiljke — spremljene postavke paketa, uređivanje adresara na licu mjesta te ploča s cijenama koja se proširuje kako bi odjednom prikazala svaku ponudu.
• Poboljšanja i ispravci u cijeloj aplikaciji.","• Συνοδευτικές εφαρμογές για κινητά — παρακολουθήστε αποστολές και διαχειριστείτε ασφάλιση, αξιώσεις και παραλαβές από το τηλέφωνο, με σύζευξη μέσω σάρωσης ενός μόνο κωδικού QR. Η προβολή παρακολούθησης στο κινητό είναι χρωματικά κωδικοποιημένη ανά μεταφορέα, με ένα σαφές εικονίδιο κατάστασης για κάθε στάδιο. Η έκδοση για iPhone διατίθεται μέσω του App Store. Η έκδοση για Android προσφέρεται προς το παρόν ως απευθείας λήψη: ενώ η καταχώρισή της στο Google Play ετοιμάζεται ακόμη, η υπογεγραμμένη εφαρμογή είναι διαθέσιμη από τον ιστότοπο Easy-Post και εγκαθίσταται και συζεύγνυται με ακριβώς τον ίδιο τρόπο.
• Σαφέστερη διεθνής αποστολή — σε διαδρομή που απαιτεί τελωνείο, η ενέργεια Get Rates βρίσκεται πλέον κάτω από την ενότητα τελωνείου, ώστε οι δηλώσεις να συμπληρώνονται πριν από την τιμολόγηση.
• Πιο ομαλή δημιουργία αποστολής — αποθηκευμένες προεπιλογές δεμάτων, επεξεργασία του βιβλίου διευθύνσεων επιτόπου και πίνακας τιμών που αναπτύσσεται ώστε να δείχνει κάθε προσφορά με τη μία.
• Βελτιώσεις και διορθώσεις σε όλη την εφαρμογή.","• Kísérő mobilalkalmazások — kövesse a küldeményeket, és kezelje a biztosítást, a kárigényeket és az átvételeket telefonról, egyetlen QR-kód beolvasásával párosítva. A mobilos nyomkövetési nézet fuvarozónként színkódolt, minden szakaszhoz világos állapotikonnal. Az iPhone-változat az App Store-on keresztül érkezik. Az Android-változat egyelőre közvetlen letöltésként érhető el: amíg a Google Play-listázása még készül, az aláírt alkalmazás elérhető az Easy-Post webhelyről, és pontosan ugyanúgy telepíthető és párosítható.
• Áttekinthetőbb nemzetközi szállítás — vámkötelezett útvonalon a Get Rates művelet immár a vámszakasz alatt található, így a nyilatkozatok a díjszámítás előtt elkészülnek.
• Gördülékenyebb küldeménylétrehozás — mentett csomagsablonok, helyben szerkeszthető címjegyzék és díjpanel, amely kibontva egyszerre mutatja az összes ajánlatot.
• Finomítások és javítások az egész alkalmazásban.","• Doprovodné mobilní aplikace — sledujte zásilky a spravujte pojištění, reklamace a vyzvednutí přímo z telefonu, spárováno naskenováním jediného QR kódu. Zobrazení sledování v mobilu je barevně odlišeno podle dopravce, s jasnou ikonou stavu pro každou fázi. Verze pro iPhone přichází přes App Store. Verze pro Android se prozatím nabízí jako přímé stažení: zatímco se její záznam na Google Play stále připravuje, podepsaná aplikace je k dispozici na webu Easy-Post a instaluje se i páruje úplně stejným způsobem.
• Přehlednější mezinárodní přeprava — na trase vyžadující clo je akce Get Rates nyní umístěna pod celní sekcí, takže se prohlášení vyplní ještě před výpočtem ceny.
• Plynulejší vytváření zásilky — uložené předvolby balíků, úpravy adresáře přímo na místě a panel sazeb, který se rozbalí a zobrazí všechny nabídky najednou.
• Vylepšení a opravy v celé aplikaci.","• אפליקציות נלוות לנייד — עקבו אחר משלוחים ונהלו ביטוח, תביעות ואיסופים מהטלפון, בהתאמה באמצעות סריקת קוד QR יחיד. תצוגת המעקב בנייד צבועה לפי מוביל, עם סמל סטטוס ברור לכל שלב. מהדורת ה-iPhone מגיעה דרך App Store. מהדורת ה-Android מוצעת בינתיים כהורדה ישירה: בזמן שרישום Google Play שלה עדיין בהכנה, האפליקציה החתומה זמינה מאתר Easy-Post ומותקנת ומתואמת בדיוק באותו אופן.
• משלוח בינלאומי ברור יותר — במסלול המחייב מכס, פעולת Get Rates ממוקמת כעת מתחת למקטע המכס, כך שההצהרות מושלמות לפני חישוב התעריפים.
• יצירת משלוח חלקה יותר — הגדרות חבילה שמורות, עריכת פנקס הכתובות במקום, ולוח תעריפים שמתרחב כדי להציג את כל הצעות המחיר בבת אחת.
• שיפורים ותיקונים לאורך כל האפליקציה.","• Kompletterande mobilappar — spåra försändelser och hantera försäkring, reklamationer och upphämtningar från telefonen, ihopparade genom att skanna en enda QR-kod. Spårningsvyn i mobilen är färgkodad per transportör, med en tydlig statusikon för varje steg. iPhone-versionen kommer via App Store. Android-versionen erbjuds tills vidare som en direkt nedladdning: medan dess Google Play-listning fortfarande förbereds finns den signerade appen tillgänglig från Easy-Post-webbplatsen och installeras och paras ihop på exakt samma sätt.
• Tydligare internationell frakt — på en rutt som kräver tull ligger åtgärden Get Rates nu under tullsektionen, så att deklarationerna fylls i före prissättningen.
• En smidigare Skapa försändelse — sparade paketförval, redigering av adressboken på plats och en prispanel som fälls ut för att visa varje offert på en gång.
• Förbättringar och korrigeringar överlag."
Title,4,Text,,Easy-Post Desktop,Easy-Post Desktop,Easy-Post Desktop,Easy-Post Desktop,Easy-Post Desktop,Easy-Post Desktop,Easy-Post Desktop,Easy-Post Desktop,Easy-Post Desktop,Easy-Post Desktop,Easy-Post Desktop,Easy-Post Desktop,Easy-Post Desktop,Easy-Post Desktop,Easy-Post Desktop,Easy-Post Desktop,Easy-Post Desktop,Easy-Post Desktop,Easy-Post Desktop,Easy-Post Desktop,Easy-Post Desktop,Easy-Post Desktop,Easy-Post Desktop,Easy-Post Desktop,Easy-Post Desktop,Easy-Post Desktop,Easy-Post Desktop,Easy-Post Desktop,Easy-Post Desktop,Easy-Post Desktop,Easy-Post Desktop,Easy-Post Desktop,Easy-Post Desktop,Easy-Post Desktop,Easy-Post Desktop,Easy-Post Desktop,Easy-Post Desktop,Easy-Post Desktop,Easy-Post Desktop,Easy-Post Desktop,Easy-Post Desktop,Easy-Post Desktop,Easy-Post Desktop,Easy-Post Desktop,Easy-Post Desktop,Easy-Post Desktop,Easy-Post Desktop
ShortTitle,5,Text,,,,,,,,,,,,,,,,,,,,,,,,,,,,,,,,,,,,,,,,,,,,,,,,
SortTitle,6,Text,,,,,,,,,,,,,,,,,,,,,,,,,,,,,,,,,,,,,,,,,,,,,,,,
VoiceTitle,7,Text,,,,,,,,,,,,,,,,,,,,,,,,,,,,,,,,,,,,,,,,,,,,,,,,
ShortDescription,8,Text,,"A native Windows console for your EasyPost account: rate shopping, labels, tracking, customs and reporting. Independent, unofficial client; an EasyPost account is required.",适用于您的 EasyPost 账户的原生 Windows 运单控制台：运费比较、面单、追踪、海关和报表。独立的非官方客户端；需要 EasyPost 账户。,"आपके EasyPost खाते के लिए एक नेटिव Windows कंसोल: रेट शॉपिंग, लेबल, ट्रैकिंग, सीमा-शुल्क और रिपोर्टिंग। स्वतंत्र, अनौपचारिक क्लाइंट; एक EasyPost खाता आवश्यक है।","Una consola de envíos nativa de Windows para tu cuenta de EasyPost: comparación de tarifas, etiquetas, seguimiento, aduanas e informes. Cliente independiente y no oficial; se necesita una cuenta de EasyPost.","Une console d'expédition native pour Windows, pour votre compte EasyPost : comparaison des tarifs, étiquettes, suivi, douanes et rapports. Client indépendant et non officiel ; un compte EasyPost est nécessaire.",وحدة تحكم أصلية على Windows لحساب EasyPost الخاص بك: مقارنة الأسعار والملصقات والتتبع والجمارك والتقارير. عميل مستقل غير رسمي؛ يلزم وجود حساب EasyPost.,"আপনার EasyPost অ্যাকাউন্টের জন্য একটি নেটিভ Windows কনসোল: রেট শপিং, লেবেল, ট্র্যাকিং, শুল্ক ও রিপোর্টিং। স্বাধীন, অনানুষ্ঠানিক ক্লায়েন্ট; একটি EasyPost অ্যাকাউন্ট প্রয়োজন।","Um console nativo de Windows para a sua conta EasyPost: comparação de tarifas, etiquetas, rastreamento, alfândegas e relatórios. Cliente independente e não oficial; é necessária uma conta EasyPost.","Нативная консоль Windows для вашей учётной записи EasyPost: подбор тарифов, этикетки, отслеживание, таможня и отчётность. Независимый неофициальный клиент; требуется учётная запись EasyPost.",آپ کے EasyPost اکاؤنٹ کے لیے ایک نیٹو ونڈوز کنسول: ریٹ شاپنگ، لیبلز، ٹریکنگ، کسٹمز اور رپورٹنگ۔ آزاد، غیر سرکاری کلائنٹ؛ EasyPost اکاؤنٹ درکار ہے۔,"Konsol Windows native untuk akun EasyPost Anda: perbandingan tarif, label, pelacakan, bea cukai dan pelaporan. Klien independen, tidak resmi; akun EasyPost diperlukan.","Eine native Windows-Versandkonsole für Ihr EasyPost-Konto: Tarifvergleich, Etiketten, Sendungsverfolgung, Zoll und Berichte. Unabhängiger, inoffizieller Client; ein EasyPost-Konto ist erforderlich.",ご自身の EasyPost アカウント向けのネイティブ Windows 配送コンソール：料金比較、ラベル、追跡、税関、レポート。独立した非公式クライアントです。EasyPost アカウントが必要です。,"तुमच्या EasyPost खात्यासाठी एक नेटिव्ह Windows कन्सोल: रेट शॉपिंग, लेबल, ट्रॅकिंग, सीमाशुल्क आणि अहवाल. स्वतंत्र, अनधिकृत क्लायंट; EasyPost खाते आवश्यक आहे.","మీ EasyPost ఖాతా కోసం ఒక నేటివ్ Windows కన్సోల్: రేట్ షాపింగ్, లేబుళ్లు, ట్రాకింగ్, కస్టమ్స్ మరియు రిపోర్టింగ్. స్వతంత్ర, అనధికారిక క్లయింట్; EasyPost ఖాతా అవసరం.","EasyPost hesabınız için yerel bir Windows konsolu: fiyat karşılaştırma, etiketler, takip, gümrük ve raporlama. Bağımsız, resmi olmayan istemci; bir EasyPost hesabı gereklidir.","உங்கள் EasyPost கணக்கிற்கான ஒரு நேட்டிவ் Windows கன்சோல்: ரேட் ஷாப்பிங், லேபிள்கள், கண்காணிப்பு, சுங்கம் மற்றும் அறிக்கையிடல். சுயாதீன, அதிகாரப்பூர்வமற்ற கிளையன்ட்; ஒரு EasyPost கணக்கு தேவை.","Bảng điều khiển Windows gốc cho tài khoản EasyPost của bạn: so sánh giá cước, nhãn, theo dõi, hải quan và báo cáo. Khách hàng độc lập, không chính thức; cần có tài khoản EasyPost.","EasyPost 계정을 위한 네이티브 Windows 콘솔: 요금 비교, 라벨, 추적, 통관 및 리포팅. 독립적인 비공식 클라이언트이며 EasyPost 계정이 필요합니다.",‏یک کنسول بومی ویندوز برای حساب EasyPost شما: مقایسه نرخ، برچسب‌ها، ردیابی، گمرک و گزارش‌دهی. کلاینت مستقل و غیررسمی؛ داشتن یک حساب EasyPost ضروری است.,"Console na Windows na asali don asusun EasyPost naka: kwatanta farashi, lambobi, bibiya, kwastam da bayar da rahoto. Abokin ciniki mai zaman kansa, wanda ba na hukuma ba; ana buƙatar asusun EasyPost.","Kidhibiti asili cha Windows kwa akaunti yako ya EasyPost: ununuzi wa viwango, lebo, ufuatiliaji, forodha na ripoti. Mteja huru, isiyo rasmi; akaunti ya EasyPost inahitajika.","Una console nativa di Windows per il tuo account EasyPost: confronto delle tariffe, etichette, tracciamento, dogana e reportistica. Client indipendente e non ufficiale; è necessario un account EasyPost.","ਤੁਹਾਡੇ EasyPost ਖਾਤੇ ਲਈ ਇੱਕ ਨੇਟਿਵ Windows ਕੰਸੋਲ: ਰੇਟ ਸ਼ਾਪਿੰਗ, ਲੇਬਲ, ਟ੍ਰੈਕਿੰਗ, ਕਸਟਮ ਅਤੇ ਰਿਪੋਰਟਿੰਗ। ਸੁਤੰਤਰ, ਗੈਰ-ਸਰਕਾਰੀ ਕਲਾਇੰਟ; ਇੱਕ EasyPost ਖਾਤਾ ਲੋੜੀਂਦਾ ਹੈ।","તમારા EasyPost ખાતા માટે એક નેટિવ Windows કન્સોલ: રેટ શોપિંગ, લેબલ, ટ્રેકિંગ, કસ્ટમ્સ અને રિપોર્ટિંગ. સ્વતંત્ર, બિનસત્તાવાર ક્લાયન્ટ; EasyPost ખાતું જરૂરી છે.",ለ EasyPost መለያዎ ኦሪጅናል የ Windows ኮንሶል፦ የዋጋ ንፅፅር፣ መለያዎች፣ ክትትል፣ ጉምሩክ እና ሪፖርት ማድረግ። ራሱን የቻለ፣ ኦፊሴላዊ ያልሆነ ደንበኛ፤ የ EasyPost መለያ ያስፈልጋል።,คอนโซล Windows แบบเนทีฟสำหรับบัญชี EasyPost ของคุณ: เปรียบเทียบอัตราค่าจัดส่ง ฉลาก การติดตาม ศุลกากร และการรายงาน ไคลเอนต์อิสระที่ไม่เป็นทางการ จำเป็นต้องมีบัญชี EasyPost,"ನಿಮ್ಮ EasyPost ಖಾತೆಗಾಗಿ ಒಂದು ನೇಟಿವ್ Windows ಕನ್ಸೋಲ್: ರೇಟ್ ಶಾಪಿಂಗ್, ಲೇಬಲ್, ಟ್ರ್ಯಾಕಿಂಗ್, ಕಸ್ಟಮ್ಸ್ ಮತ್ತು ವರದಿ. ಸ್ವತಂತ್ರ, ಅನಧಿಕೃತ ಕ್ಲೈಂಟ್; EasyPost ಖಾತೆ ಅಗತ್ಯವಿದೆ.","Ohun-èlò tábìlì-tabìlì Windows ti abínibí fún àkọ́ọ̀lẹ̀ EasyPost rẹ: ìfiwéra iye owó, àwọn àmì-ìdámọ̀, ìtọpinpin, kọ́sítọ́mù àti ìròyìn. Oníbárà aládàáṣe, tí kì í ṣe ti aṣẹ; àkọ́ọ̀lẹ̀ EasyPost ni a nílò.","EasyPost hisobingiz uchun mahalliy Windows konsoli: tarif tanlash, yorliqlar, kuzatuv, bojxona va hisobot. Mustaqil, norasmiy mijoz; EasyPost hisobi talab qilinadi.","നിങ്ങളുടെ EasyPost അക്കൗണ്ടിനായുള്ള ഒരു നേറ്റീവ് Windows കൺസോൾ: റേറ്റ് ഷോപ്പിംഗ്, ലേബലുകൾ, ട്രാക്കിംഗ്, കസ്റ്റംസ്, റിപ്പോർട്ടിംഗ്. സ്വതന്ത്രമായ, അനൗദ്യോഗിക ക്ലയന്റ്; ഒരു EasyPost അക്കൗണ്ട് ആവശ്യമാണ്.","ଆପଣଙ୍କ EasyPost ଖାତା ପାଇଁ ଏକ ନେଟିଭ୍ Windows କନସୋଲ: ରେଟ୍ ସପିଂ, ଲେବଲ୍, ଟ୍ରାକିଂ, ଶୁଳ୍କ ଏବଂ ରିପୋର୍ଟିଂ। ସ୍ୱାଧୀନ, ଅନଧିକୃତ କ୍ଲାଏଣ୍ଟ; ଏକ EasyPost ଖାତା ଆବଶ୍ୟକ।","Нативна консоль Windows для вашого облікового запису EasyPost: підбір тарифів, етикетки, відстеження, митниця та звітність. Незалежний неофіційний клієнт; потрібен обліковий запис EasyPost.","Natywna konsola Windows dla Twojego konta EasyPost: porównywanie stawek, etykiety, śledzenie, odprawa celna i raportowanie. Niezależny, nieoficjalny klient; wymagane jest konto EasyPost.","Konsol Windows native untuk akaun EasyPost anda: perbandingan kadar, label, penjejakan, kastam dan pelaporan. Klien bebas, tidak rasmi; akaun EasyPost diperlukan.","Een native Windows-console voor uw EasyPost-account: tarieven vergelijken, labels, volgen, douane en rapportage. Onafhankelijke, onofficiële client; een EasyPost-account is vereist.","Ihe njikwa Windows dịkarịsịrị maka akaụntụ EasyPost gị: ịzụ ọnụ ọ­nụ­ahịa, akara, nsochi, kọstọm na mkpughe akụkọ. Onye ahịa nweere onwe ya, na-abụghị nke gọọmentị; a chọrọ akaụntụ EasyPost.","ඔබේ EasyPost ගිණුම සඳහා native Windows කන්සෝලයක්: අනුපාත සාප්පු සවාරිය, ලේබල්, ලුහුබැඳීම, රේගු සහ වාර්තාකරණය. ස්වාධීන, නිල නොවන සේවාදායකයෙකි; EasyPost ගිණුමක් අවශ්‍ය වේ.","तपाईंको EasyPost खाताका लागि एक नेटिभ Windows कन्सोल: रेट सपिङ, लेबल, ट्र्याकिङ, भन्सार र रिपोर्टिङ। स्वतन्त्र, अनौपचारिक क्लाइन्ट; EasyPost खाता आवश्यक छ।","O consolă Windows nativă pentru contul dumneavoastră EasyPost: comparare tarife, etichete, urmărire, vamă și raportare. Client independent, neoficial; este necesar un cont EasyPost.","Ikhonsoli ye-Windows yendabuko ye-akhawunti yakho ye-EasyPost: ukuthenga ngentengo, amalebula, ukulandelela, izempahla yezimali nokubika. Ikhasimende elizimele, elingekho semthethweni; kudingeka i-akhawunti ye-EasyPost.","Nativna Windows konzola za vaš EasyPost račun: usporedba cijena, naljepnice, praćenje, carina i izvještavanje. Neovisan, neslužbeni klijent; potreban je EasyPost račun.","Μια εγγενής κονσόλα Windows για τον λογαριασμό σας EasyPost: σύγκριση τιμών, ετικέτες, παρακολούθηση, τελωνείο και αναφορές. Ανεξάρτητο, ανεπίσημο πρόγραμμα-πελάτης· απαιτείται λογαριασμός EasyPost.","Natív Windows-konzol az EasyPost-fiókjához: tarifa-összehasonlítás, címkék, nyomon követés, vám és jelentéskészítés. Független, nem hivatalos kliens; EasyPost-fiók szükséges.","Nativní konzole pro Windows pro váš účet EasyPost: porovnání sazeb, štítky, sledování, clo a reportování. Nezávislý, neoficiální klient; je vyžadován účet EasyPost.","‏קונסולת Windows מקורית לחשבון EasyPost שלכם: השוואת תעריפים, תוויות, מעקב, מכס ודיווח. לקוח עצמאי, לא רשמי; נדרש חשבון EasyPost.","En inbyggd Windows-konsol för ditt EasyPost-konto: jämför fraktpriser, etiketter, spårning, tull och rapportering. Fristående, inofficiell klient; ett EasyPost-konto krävs."
DevStudio,9,Text,,,,,,,,,,,,,,,,,,,,,,,,,,,,,,,,,,,,,,,,,,,,,,,,
CopyrightTrademarkInformation,12,Text,,,,,,,,,,,,,,,,,,,,,,,,,,,,,,,,,,,,,,,,,,,,,,,,
AdditionalLicenseTerms,13,Text,,,,,,,,,,,,,,,,,,,,,,,,,,,,,,,,,,,,,,,,,,,,,,,,
DesktopScreenshot1,100,Relative path (or URL to file in Partner Center),,EasyPost-Store-Listings-IMPORT-v2/en_1_rate_shopping.png,EasyPost-Store-Listings-IMPORT-v2/zh_1_rate_shopping.png,EasyPost-Store-Listings-IMPORT-v2/hi_1_rate_shopping.png,EasyPost-Store-Listings-IMPORT-v2/es_1_rate_shopping.png,EasyPost-Store-Listings-IMPORT-v2/fr_1_rate_shopping.png,EasyPost-Store-Listings-IMPORT-v2/en_1_rate_shopping.png,EasyPost-Store-Listings-IMPORT-v2/en_1_rate_shopping.png,EasyPost-Store-Listings-IMPORT-v2/en_1_rate_shopping.png,EasyPost-Store-Listings-IMPORT-v2/en_1_rate_shopping.png,EasyPost-Store-Listings-IMPORT-v2/en_1_rate_shopping.png,EasyPost-Store-Listings-IMPORT-v2/en_1_rate_shopping.png,EasyPost-Store-Listings-IMPORT-v2/de_1_rate_shopping.png,EasyPost-Store-Listings-IMPORT-v2/ja_1_rate_shopping.png,EasyPost-Store-Listings-IMPORT-v2/en_1_rate_shopping.png,EasyPost-Store-Listings-IMPORT-v2/en_1_rate_shopping.png,EasyPost-Store-Listings-IMPORT-v2/en_1_rate_shopping.png,EasyPost-Store-Listings-IMPORT-v2/en_1_rate_shopping.png,EasyPost-Store-Listings-IMPORT-v2/en_1_rate_shopping.png,EasyPost-Store-Listings-IMPORT-v2/en_1_rate_shopping.png,EasyPost-Store-Listings-IMPORT-v2/en_1_rate_shopping.png,EasyPost-Store-Listings-IMPORT-v2/en_1_rate_shopping.png,EasyPost-Store-Listings-IMPORT-v2/en_1_rate_shopping.png,EasyPost-Store-Listings-IMPORT-v2/en_1_rate_shopping.png,EasyPost-Store-Listings-IMPORT-v2/en_1_rate_shopping.png,EasyPost-Store-Listings-IMPORT-v2/en_1_rate_shopping.png,EasyPost-Store-Listings-IMPORT-v2/en_1_rate_shopping.png,EasyPost-Store-Listings-IMPORT-v2/en_1_rate_shopping.png,EasyPost-Store-Listings-IMPORT-v2/en_1_rate_shopping.png,EasyPost-Store-Listings-IMPORT-v2/en_1_rate_shopping.png,EasyPost-Store-Listings-IMPORT-v2/en_1_rate_shopping.png,EasyPost-Store-Listings-IMPORT-v2/en_1_rate_shopping.png,EasyPost-Store-Listings-IMPORT-v2/en_1_rate_shopping.png,EasyPost-Store-Listings-IMPORT-v2/en_1_rate_shopping.png,EasyPost-Store-Listings-IMPORT-v2/en_1_rate_shopping.png,EasyPost-Store-Listings-IMPORT-v2/en_1_rate_shopping.png,EasyPost-Store-Listings-IMPORT-v2/en_1_rate_shopping.png,EasyPost-Store-Listings-IMPORT-v2/en_1_rate_shopping.png,EasyPost-Store-Listings-IMPORT-v2/en_1_rate_shopping.png,EasyPost-Store-Listings-IMPORT-v2/en_1_rate_shopping.png,EasyPost-Store-Listings-IMPORT-v2/en_1_rate_shopping.png,EasyPost-Store-Listings-IMPORT-v2/en_1_rate_shopping.png,EasyPost-Store-Listings-IMPORT-v2/en_1_rate_shopping.png,EasyPost-Store-Listings-IMPORT-v2/en_1_rate_shopping.png,EasyPost-Store-Listings-IMPORT-v2/en_1_rate_shopping.png,EasyPost-Store-Listings-IMPORT-v2/en_1_rate_shopping.png,EasyPost-Store-Listings-IMPORT-v2/en_1_rate_shopping.png,EasyPost-Store-Listings-IMPORT-v2/en_1_rate_shopping.png
DesktopScreenshot2,101,Relative path (or URL to file in Partner Center),,EasyPost-Store-Listings-IMPORT-v2/en_2_tracking.png,EasyPost-Store-Listings-IMPORT-v2/zh_2_tracking.png,EasyPost-Store-Listings-IMPORT-v2/hi_2_tracking.png,EasyPost-Store-Listings-IMPORT-v2/es_2_tracking.png,EasyPost-Store-Listings-IMPORT-v2/fr_2_tracking.png,EasyPost-Store-Listings-IMPORT-v2/en_2_tracking.png,EasyPost-Store-Listings-IMPORT-v2/en_2_tracking.png,EasyPost-Store-Listings-IMPORT-v2/en_2_tracking.png,EasyPost-Store-Listings-IMPORT-v2/en_2_tracking.png,EasyPost-Store-Listings-IMPORT-v2/en_2_tracking.png,EasyPost-Store-Listings-IMPORT-v2/en_2_tracking.png,EasyPost-Store-Listings-IMPORT-v2/de_2_tracking.png,EasyPost-Store-Listings-IMPORT-v2/ja_2_tracking.png,EasyPost-Store-Listings-IMPORT-v2/en_2_tracking.png,EasyPost-Store-Listings-IMPORT-v2/en_2_tracking.png,EasyPost-Store-Listings-IMPORT-v2/en_2_tracking.png,EasyPost-Store-Listings-IMPORT-v2/en_2_tracking.png,EasyPost-Store-Listings-IMPORT-v2/en_2_tracking.png,EasyPost-Store-Listings-IMPORT-v2/en_2_tracking.png,EasyPost-Store-Listings-IMPORT-v2/en_2_tracking.png,EasyPost-Store-Listings-IMPORT-v2/en_2_tracking.png,EasyPost-Store-Listings-IMPORT-v2/en_2_tracking.png,EasyPost-Store-Listings-IMPORT-v2/en_2_tracking.png,EasyPost-Store-Listings-IMPORT-v2/en_2_tracking.png,EasyPost-Store-Listings-IMPORT-v2/en_2_tracking.png,EasyPost-Store-Listings-IMPORT-v2/en_2_tracking.png,EasyPost-Store-Listings-IMPORT-v2/en_2_tracking.png,EasyPost-Store-Listings-IMPORT-v2/en_2_tracking.png,EasyPost-Store-Listings-IMPORT-v2/en_2_tracking.png,EasyPost-Store-Listings-IMPORT-v2/en_2_tracking.png,EasyPost-Store-Listings-IMPORT-v2/en_2_tracking.png,EasyPost-Store-Listings-IMPORT-v2/en_2_tracking.png,EasyPost-Store-Listings-IMPORT-v2/en_2_tracking.png,EasyPost-Store-Listings-IMPORT-v2/en_2_tracking.png,EasyPost-Store-Listings-IMPORT-v2/en_2_tracking.png,EasyPost-Store-Listings-IMPORT-v2/en_2_tracking.png,EasyPost-Store-Listings-IMPORT-v2/en_2_tracking.png,EasyPost-Store-Listings-IMPORT-v2/en_2_tracking.png,EasyPost-Store-Listings-IMPORT-v2/en_2_tracking.png,EasyPost-Store-Listings-IMPORT-v2/en_2_tracking.png,EasyPost-Store-Listings-IMPORT-v2/en_2_tracking.png,EasyPost-Store-Listings-IMPORT-v2/en_2_tracking.png,EasyPost-Store-Listings-IMPORT-v2/en_2_tracking.png,EasyPost-Store-Listings-IMPORT-v2/en_2_tracking.png,EasyPost-Store-Listings-IMPORT-v2/en_2_tracking.png,EasyPost-Store-Listings-IMPORT-v2/en_2_tracking.png,EasyPost-Store-Listings-IMPORT-v2/en_2_tracking.png
DesktopScreenshot3,102,Relative path (or URL to file in Partner Center),,EasyPost-Store-Listings-IMPORT-v2/en_3_address_book.png,EasyPost-Store-Listings-IMPORT-v2/zh_3_address_book.png,EasyPost-Store-Listings-IMPORT-v2/hi_3_address_book.png,EasyPost-Store-Listings-IMPORT-v2/es_3_address_book.png,EasyPost-Store-Listings-IMPORT-v2/fr_3_address_book.png,EasyPost-Store-Listings-IMPORT-v2/en_3_address_book.png,EasyPost-Store-Listings-IMPORT-v2/en_3_address_book.png,EasyPost-Store-Listings-IMPORT-v2/en_3_address_book.png,EasyPost-Store-Listings-IMPORT-v2/en_3_address_book.png,EasyPost-Store-Listings-IMPORT-v2/en_3_address_book.png,EasyPost-Store-Listings-IMPORT-v2/en_3_address_book.png,EasyPost-Store-Listings-IMPORT-v2/de_3_address_book.png,EasyPost-Store-Listings-IMPORT-v2/ja_3_address_book.png,EasyPost-Store-Listings-IMPORT-v2/en_3_address_book.png,EasyPost-Store-Listings-IMPORT-v2/en_3_address_book.png,EasyPost-Store-Listings-IMPORT-v2/en_3_address_book.png,EasyPost-Store-Listings-IMPORT-v2/en_3_address_book.png,EasyPost-Store-Listings-IMPORT-v2/en_3_address_book.png,EasyPost-Store-Listings-IMPORT-v2/en_3_address_book.png,EasyPost-Store-Listings-IMPORT-v2/en_3_address_book.png,EasyPost-Store-Listings-IMPORT-v2/en_3_address_book.png,EasyPost-Store-Listings-IMPORT-v2/en_3_address_book.png,EasyPost-Store-Listings-IMPORT-v2/en_3_address_book.png,EasyPost-Store-Listings-IMPORT-v2/en_3_address_book.png,EasyPost-Store-Listings-IMPORT-v2/en_3_address_book.png,EasyPost-Store-Listings-IMPORT-v2/en_3_address_book.png,EasyPost-Store-Listings-IMPORT-v2/en_3_address_book.png,EasyPost-Store-Listings-IMPORT-v2/en_3_address_book.png,EasyPost-Store-Listings-IMPORT-v2/en_3_address_book.png,EasyPost-Store-Listings-IMPORT-v2/en_3_address_book.png,EasyPost-Store-Listings-IMPORT-v2/en_3_address_book.png,EasyPost-Store-Listings-IMPORT-v2/en_3_address_book.png,EasyPost-Store-Listings-IMPORT-v2/en_3_address_book.png,EasyPost-Store-Listings-IMPORT-v2/en_3_address_book.png,EasyPost-Store-Listings-IMPORT-v2/en_3_address_book.png,EasyPost-Store-Listings-IMPORT-v2/en_3_address_book.png,EasyPost-Store-Listings-IMPORT-v2/en_3_address_book.png,EasyPost-Store-Listings-IMPORT-v2/en_3_address_book.png,EasyPost-Store-Listings-IMPORT-v2/en_3_address_book.png,EasyPost-Store-Listings-IMPORT-v2/en_3_address_book.png,EasyPost-Store-Listings-IMPORT-v2/en_3_address_book.png,EasyPost-Store-Listings-IMPORT-v2/en_3_address_book.png,EasyPost-Store-Listings-IMPORT-v2/en_3_address_book.png,EasyPost-Store-Listings-IMPORT-v2/en_3_address_book.png,EasyPost-Store-Listings-IMPORT-v2/en_3_address_book.png,EasyPost-Store-Listings-IMPORT-v2/en_3_address_book.png,EasyPost-Store-Listings-IMPORT-v2/en_3_address_book.png
DesktopScreenshot4,103,Relative path (or URL to file in Partner Center),,EasyPost-Store-Listings-IMPORT-v2/en_4_batch_shipments.png,EasyPost-Store-Listings-IMPORT-v2/zh_4_batch_shipments.png,EasyPost-Store-Listings-IMPORT-v2/hi_4_batch_shipments.png,EasyPost-Store-Listings-IMPORT-v2/es_4_batch_shipments.png,EasyPost-Store-Listings-IMPORT-v2/fr_4_batch_shipments.png,EasyPost-Store-Listings-IMPORT-v2/en_4_batch_shipments.png,EasyPost-Store-Listings-IMPORT-v2/en_4_batch_shipments.png,EasyPost-Store-Listings-IMPORT-v2/en_4_batch_shipments.png,EasyPost-Store-Listings-IMPORT-v2/en_4_batch_shipments.png,EasyPost-Store-Listings-IMPORT-v2/en_4_batch_shipments.png,EasyPost-Store-Listings-IMPORT-v2/en_4_batch_shipments.png,EasyPost-Store-Listings-IMPORT-v2/de_4_batch_shipments.png,EasyPost-Store-Listings-IMPORT-v2/ja_4_batch_shipments.png,EasyPost-Store-Listings-IMPORT-v2/en_4_batch_shipments.png,EasyPost-Store-Listings-IMPORT-v2/en_4_batch_shipments.png,EasyPost-Store-Listings-IMPORT-v2/en_4_batch_shipments.png,EasyPost-Store-Listings-IMPORT-v2/en_4_batch_shipments.png,EasyPost-Store-Listings-IMPORT-v2/en_4_batch_shipments.png,EasyPost-Store-Listings-IMPORT-v2/en_4_batch_shipments.png,EasyPost-Store-Listings-IMPORT-v2/en_4_batch_shipments.png,EasyPost-Store-Listings-IMPORT-v2/en_4_batch_shipments.png,EasyPost-Store-Listings-IMPORT-v2/en_4_batch_shipments.png,EasyPost-Store-Listings-IMPORT-v2/en_4_batch_shipments.png,EasyPost-Store-Listings-IMPORT-v2/en_4_batch_shipments.png,EasyPost-Store-Listings-IMPORT-v2/en_4_batch_shipments.png,EasyPost-Store-Listings-IMPORT-v2/en_4_batch_shipments.png,EasyPost-Store-Listings-IMPORT-v2/en_4_batch_shipments.png,EasyPost-Store-Listings-IMPORT-v2/en_4_batch_shipments.png,EasyPost-Store-Listings-IMPORT-v2/en_4_batch_shipments.png,EasyPost-Store-Listings-IMPORT-v2/en_4_batch_shipments.png,EasyPost-Store-Listings-IMPORT-v2/en_4_batch_shipments.png,EasyPost-Store-Listings-IMPORT-v2/en_4_batch_shipments.png,EasyPost-Store-Listings-IMPORT-v2/en_4_batch_shipments.png,EasyPost-Store-Listings-IMPORT-v2/en_4_batch_shipments.png,EasyPost-Store-Listings-IMPORT-v2/en_4_batch_shipments.png,EasyPost-Store-Listings-IMPORT-v2/en_4_batch_shipments.png,EasyPost-Store-Listings-IMPORT-v2/en_4_batch_shipments.png,EasyPost-Store-Listings-IMPORT-v2/en_4_batch_shipments.png,EasyPost-Store-Listings-IMPORT-v2/en_4_batch_shipments.png,EasyPost-Store-Listings-IMPORT-v2/en_4_batch_shipments.png,EasyPost-Store-Listings-IMPORT-v2/en_4_batch_shipments.png,EasyPost-Store-Listings-IMPORT-v2/en_4_batch_shipments.png,EasyPost-Store-Listings-IMPORT-v2/en_4_batch_shipments.png,EasyPost-Store-Listings-IMPORT-v2/en_4_batch_shipments.png,EasyPost-Store-Listings-IMPORT-v2/en_4_batch_shipments.png,EasyPost-Store-Listings-IMPORT-v2/en_4_batch_shipments.png,EasyPost-Store-Listings-IMPORT-v2/en_4_batch_shipments.png
DesktopScreenshot5,104,Relative path (or URL to file in Partner Center),,EasyPost-Store-Listings-IMPORT-v2/en_5_history.png,EasyPost-Store-Listings-IMPORT-v2/zh_5_history.png,EasyPost-Store-Listings-IMPORT-v2/hi_5_history.png,EasyPost-Store-Listings-IMPORT-v2/es_5_history.png,EasyPost-Store-Listings-IMPORT-v2/fr_5_history.png,EasyPost-Store-Listings-IMPORT-v2/en_5_history.png,EasyPost-Store-Listings-IMPORT-v2/en_5_history.png,EasyPost-Store-Listings-IMPORT-v2/en_5_history.png,EasyPost-Store-Listings-IMPORT-v2/en_5_history.png,EasyPost-Store-Listings-IMPORT-v2/en_5_history.png,EasyPost-Store-Listings-IMPORT-v2/en_5_history.png,EasyPost-Store-Listings-IMPORT-v2/de_5_history.png,EasyPost-Store-Listings-IMPORT-v2/ja_5_history.png,EasyPost-Store-Listings-IMPORT-v2/en_5_history.png,EasyPost-Store-Listings-IMPORT-v2/en_5_history.png,EasyPost-Store-Listings-IMPORT-v2/en_5_history.png,EasyPost-Store-Listings-IMPORT-v2/en_5_history.png,EasyPost-Store-Listings-IMPORT-v2/en_5_history.png,EasyPost-Store-Listings-IMPORT-v2/en_5_history.png,EasyPost-Store-Listings-IMPORT-v2/en_5_history.png,EasyPost-Store-Listings-IMPORT-v2/en_5_history.png,EasyPost-Store-Listings-IMPORT-v2/en_5_history.png,EasyPost-Store-Listings-IMPORT-v2/en_5_history.png,EasyPost-Store-Listings-IMPORT-v2/en_5_history.png,EasyPost-Store-Listings-IMPORT-v2/en_5_history.png,EasyPost-Store-Listings-IMPORT-v2/en_5_history.png,EasyPost-Store-Listings-IMPORT-v2/en_5_history.png,EasyPost-Store-Listings-IMPORT-v2/en_5_history.png,EasyPost-Store-Listings-IMPORT-v2/en_5_history.png,EasyPost-Store-Listings-IMPORT-v2/en_5_history.png,EasyPost-Store-Listings-IMPORT-v2/en_5_history.png,EasyPost-Store-Listings-IMPORT-v2/en_5_history.png,EasyPost-Store-Listings-IMPORT-v2/en_5_history.png,EasyPost-Store-Listings-IMPORT-v2/en_5_history.png,EasyPost-Store-Listings-IMPORT-v2/en_5_history.png,EasyPost-Store-Listings-IMPORT-v2/en_5_history.png,EasyPost-Store-Listings-IMPORT-v2/en_5_history.png,EasyPost-Store-Listings-IMPORT-v2/en_5_history.png,EasyPost-Store-Listings-IMPORT-v2/en_5_history.png,EasyPost-Store-Listings-IMPORT-v2/en_5_history.png,EasyPost-Store-Listings-IMPORT-v2/en_5_history.png,EasyPost-Store-Listings-IMPORT-v2/en_5_history.png,EasyPost-Store-Listings-IMPORT-v2/en_5_history.png,EasyPost-Store-Listings-IMPORT-v2/en_5_history.png,EasyPost-Store-Listings-IMPORT-v2/en_5_history.png,EasyPost-Store-Listings-IMPORT-v2/en_5_history.png,EasyPost-Store-Listings-IMPORT-v2/en_5_history.png
DesktopScreenshot6,105,Relative path (or URL to file in Partner Center),,EasyPost-Store-Listings-IMPORT-v2/en_6_reports.png,EasyPost-Store-Listings-IMPORT-v2/zh_6_reports.png,EasyPost-Store-Listings-IMPORT-v2/hi_6_reports.png,EasyPost-Store-Listings-IMPORT-v2/es_6_reports.png,EasyPost-Store-Listings-IMPORT-v2/fr_6_reports.png,EasyPost-Store-Listings-IMPORT-v2/en_6_reports.png,EasyPost-Store-Listings-IMPORT-v2/en_6_reports.png,EasyPost-Store-Listings-IMPORT-v2/en_6_reports.png,EasyPost-Store-Listings-IMPORT-v2/en_6_reports.png,EasyPost-Store-Listings-IMPORT-v2/en_6_reports.png,EasyPost-Store-Listings-IMPORT-v2/en_6_reports.png,EasyPost-Store-Listings-IMPORT-v2/de_6_reports.png,EasyPost-Store-Listings-IMPORT-v2/ja_6_reports.png,EasyPost-Store-Listings-IMPORT-v2/en_6_reports.png,EasyPost-Store-Listings-IMPORT-v2/en_6_reports.png,EasyPost-Store-Listings-IMPORT-v2/en_6_reports.png,EasyPost-Store-Listings-IMPORT-v2/en_6_reports.png,EasyPost-Store-Listings-IMPORT-v2/en_6_reports.png,EasyPost-Store-Listings-IMPORT-v2/en_6_reports.png,EasyPost-Store-Listings-IMPORT-v2/en_6_reports.png,EasyPost-Store-Listings-IMPORT-v2/en_6_reports.png,EasyPost-Store-Listings-IMPORT-v2/en_6_reports.png,EasyPost-Store-Listings-IMPORT-v2/en_6_reports.png,EasyPost-Store-Listings-IMPORT-v2/en_6_reports.png,EasyPost-Store-Listings-IMPORT-v2/en_6_reports.png,EasyPost-Store-Listings-IMPORT-v2/en_6_reports.png,EasyPost-Store-Listings-IMPORT-v2/en_6_reports.png,EasyPost-Store-Listings-IMPORT-v2/en_6_reports.png,EasyPost-Store-Listings-IMPORT-v2/en_6_reports.png,EasyPost-Store-Listings-IMPORT-v2/en_6_reports.png,EasyPost-Store-Listings-IMPORT-v2/en_6_reports.png,EasyPost-Store-Listings-IMPORT-v2/en_6_reports.png,EasyPost-Store-Listings-IMPORT-v2/en_6_reports.png,EasyPost-Store-Listings-IMPORT-v2/en_6_reports.png,EasyPost-Store-Listings-IMPORT-v2/en_6_reports.png,EasyPost-Store-Listings-IMPORT-v2/en_6_reports.png,EasyPost-Store-Listings-IMPORT-v2/en_6_reports.png,EasyPost-Store-Listings-IMPORT-v2/en_6_reports.png,EasyPost-Store-Listings-IMPORT-v2/en_6_reports.png,EasyPost-Store-Listings-IMPORT-v2/en_6_reports.png,EasyPost-Store-Listings-IMPORT-v2/en_6_reports.png,EasyPost-Store-Listings-IMPORT-v2/en_6_reports.png,EasyPost-Store-Listings-IMPORT-v2/en_6_reports.png,EasyPost-Store-Listings-IMPORT-v2/en_6_reports.png,EasyPost-Store-Listings-IMPORT-v2/en_6_reports.png,EasyPost-Store-Listings-IMPORT-v2/en_6_reports.png,EasyPost-Store-Listings-IMPORT-v2/en_6_reports.png
DesktopScreenshot7,106,Relative path (or URL to file in Partner Center),,EasyPost-Store-Listings-IMPORT-v2/en_7_hts_lookup.png,EasyPost-Store-Listings-IMPORT-v2/zh_7_hts_lookup.png,EasyPost-Store-Listings-IMPORT-v2/hi_7_hts_lookup.png,EasyPost-Store-Listings-IMPORT-v2/es_7_hts_lookup.png,EasyPost-Store-Listings-IMPORT-v2/fr_7_hts_lookup.png,EasyPost-Store-Listings-IMPORT-v2/en_7_hts_lookup.png,EasyPost-Store-Listings-IMPORT-v2/en_7_hts_lookup.png,EasyPost-Store-Listings-IMPORT-v2/en_7_hts_lookup.png,EasyPost-Store-Listings-IMPORT-v2/en_7_hts_lookup.png,EasyPost-Store-Listings-IMPORT-v2/en_7_hts_lookup.png,EasyPost-Store-Listings-IMPORT-v2/en_7_hts_lookup.png,EasyPost-Store-Listings-IMPORT-v2/de_7_hts_lookup.png,EasyPost-Store-Listings-IMPORT-v2/ja_7_hts_lookup.png,EasyPost-Store-Listings-IMPORT-v2/en_7_hts_lookup.png,EasyPost-Store-Listings-IMPORT-v2/en_7_hts_lookup.png,EasyPost-Store-Listings-IMPORT-v2/en_7_hts_lookup.png,EasyPost-Store-Listings-IMPORT-v2/en_7_hts_lookup.png,EasyPost-Store-Listings-IMPORT-v2/en_7_hts_lookup.png,EasyPost-Store-Listings-IMPORT-v2/en_7_hts_lookup.png,EasyPost-Store-Listings-IMPORT-v2/en_7_hts_lookup.png,EasyPost-Store-Listings-IMPORT-v2/en_7_hts_lookup.png,EasyPost-Store-Listings-IMPORT-v2/en_7_hts_lookup.png,EasyPost-Store-Listings-IMPORT-v2/en_7_hts_lookup.png,EasyPost-Store-Listings-IMPORT-v2/en_7_hts_lookup.png,EasyPost-Store-Listings-IMPORT-v2/en_7_hts_lookup.png,EasyPost-Store-Listings-IMPORT-v2/en_7_hts_lookup.png,EasyPost-Store-Listings-IMPORT-v2/en_7_hts_lookup.png,EasyPost-Store-Listings-IMPORT-v2/en_7_hts_lookup.png,EasyPost-Store-Listings-IMPORT-v2/en_7_hts_lookup.png,EasyPost-Store-Listings-IMPORT-v2/en_7_hts_lookup.png,EasyPost-Store-Listings-IMPORT-v2/en_7_hts_lookup.png,EasyPost-Store-Listings-IMPORT-v2/en_7_hts_lookup.png,EasyPost-Store-Listings-IMPORT-v2/en_7_hts_lookup.png,EasyPost-Store-Listings-IMPORT-v2/en_7_hts_lookup.png,EasyPost-Store-Listings-IMPORT-v2/en_7_hts_lookup.png,EasyPost-Store-Listings-IMPORT-v2/en_7_hts_lookup.png,EasyPost-Store-Listings-IMPORT-v2/en_7_hts_lookup.png,EasyPost-Store-Listings-IMPORT-v2/en_7_hts_lookup.png,EasyPost-Store-Listings-IMPORT-v2/en_7_hts_lookup.png,EasyPost-Store-Listings-IMPORT-v2/en_7_hts_lookup.png,EasyPost-Store-Listings-IMPORT-v2/en_7_hts_lookup.png,EasyPost-Store-Listings-IMPORT-v2/en_7_hts_lookup.png,EasyPost-Store-Listings-IMPORT-v2/en_7_hts_lookup.png,EasyPost-Store-Listings-IMPORT-v2/en_7_hts_lookup.png,EasyPost-Store-Listings-IMPORT-v2/en_7_hts_lookup.png,EasyPost-Store-Listings-IMPORT-v2/en_7_hts_lookup.png,EasyPost-Store-Listings-IMPORT-v2/en_7_hts_lookup.png
DesktopScreenshot8,107,Relative path (or URL to file in Partner Center),,EasyPost-Store-Listings-IMPORT-v2/en_8_dashboard.png,EasyPost-Store-Listings-IMPORT-v2/zh_8_dashboard.png,EasyPost-Store-Listings-IMPORT-v2/hi_8_dashboard.png,EasyPost-Store-Listings-IMPORT-v2/es_8_dashboard.png,EasyPost-Store-Listings-IMPORT-v2/fr_8_dashboard.png,EasyPost-Store-Listings-IMPORT-v2/en_8_dashboard.png,EasyPost-Store-Listings-IMPORT-v2/en_8_dashboard.png,EasyPost-Store-Listings-IMPORT-v2/en_8_dashboard.png,EasyPost-Store-Listings-IMPORT-v2/en_8_dashboard.png,EasyPost-Store-Listings-IMPORT-v2/en_8_dashboard.png,EasyPost-Store-Listings-IMPORT-v2/en_8_dashboard.png,EasyPost-Store-Listings-IMPORT-v2/de_8_dashboard.png,EasyPost-Store-Listings-IMPORT-v2/ja_8_dashboard.png,EasyPost-Store-Listings-IMPORT-v2/en_8_dashboard.png,EasyPost-Store-Listings-IMPORT-v2/en_8_dashboard.png,EasyPost-Store-Listings-IMPORT-v2/en_8_dashboard.png,EasyPost-Store-Listings-IMPORT-v2/en_8_dashboard.png,EasyPost-Store-Listings-IMPORT-v2/en_8_dashboard.png,EasyPost-Store-Listings-IMPORT-v2/en_8_dashboard.png,EasyPost-Store-Listings-IMPORT-v2/en_8_dashboard.png,EasyPost-Store-Listings-IMPORT-v2/en_8_dashboard.png,EasyPost-Store-Listings-IMPORT-v2/en_8_dashboard.png,EasyPost-Store-Listings-IMPORT-v2/en_8_dashboard.png,EasyPost-Store-Listings-IMPORT-v2/en_8_dashboard.png,EasyPost-Store-Listings-IMPORT-v2/en_8_dashboard.png,EasyPost-Store-Listings-IMPORT-v2/en_8_dashboard.png,EasyPost-Store-Listings-IMPORT-v2/en_8_dashboard.png,EasyPost-Store-Listings-IMPORT-v2/en_8_dashboard.png,EasyPost-Store-Listings-IMPORT-v2/en_8_dashboard.png,EasyPost-Store-Listings-IMPORT-v2/en_8_dashboard.png,EasyPost-Store-Listings-IMPORT-v2/en_8_dashboard.png,EasyPost-Store-Listings-IMPORT-v2/en_8_dashboard.png,EasyPost-Store-Listings-IMPORT-v2/en_8_dashboard.png,EasyPost-Store-Listings-IMPORT-v2/en_8_dashboard.png,EasyPost-Store-Listings-IMPORT-v2/en_8_dashboard.png,EasyPost-Store-Listings-IMPORT-v2/en_8_dashboard.png,EasyPost-Store-Listings-IMPORT-v2/en_8_dashboard.png,EasyPost-Store-Listings-IMPORT-v2/en_8_dashboard.png,EasyPost-Store-Listings-IMPORT-v2/en_8_dashboard.png,EasyPost-Store-Listings-IMPORT-v2/en_8_dashboard.png,EasyPost-Store-Listings-IMPORT-v2/en_8_dashboard.png,EasyPost-Store-Listings-IMPORT-v2/en_8_dashboard.png,EasyPost-Store-Listings-IMPORT-v2/en_8_dashboard.png,EasyPost-Store-Listings-IMPORT-v2/en_8_dashboard.png,EasyPost-Store-Listings-IMPORT-v2/en_8_dashboard.png,EasyPost-Store-Listings-IMPORT-v2/en_8_dashboard.png,EasyPost-Store-Listings-IMPORT-v2/en_8_dashboard.png
DesktopScreenshot9,108,Relative path (or URL to file in Partner Center),,EasyPost-Store-Listings-IMPORT-v2/en_9_settings.png,EasyPost-Store-Listings-IMPORT-v2/zh_9_settings.png,EasyPost-Store-Listings-IMPORT-v2/hi_9_settings.png,EasyPost-Store-Listings-IMPORT-v2/es_9_settings.png,EasyPost-Store-Listings-IMPORT-v2/fr_9_settings.png,EasyPost-Store-Listings-IMPORT-v2/en_9_settings.png,EasyPost-Store-Listings-IMPORT-v2/en_9_settings.png,EasyPost-Store-Listings-IMPORT-v2/en_9_settings.png,EasyPost-Store-Listings-IMPORT-v2/en_9_settings.png,EasyPost-Store-Listings-IMPORT-v2/en_9_settings.png,EasyPost-Store-Listings-IMPORT-v2/en_9_settings.png,EasyPost-Store-Listings-IMPORT-v2/de_9_settings.png,EasyPost-Store-Listings-IMPORT-v2/ja_9_settings.png,EasyPost-Store-Listings-IMPORT-v2/en_9_settings.png,EasyPost-Store-Listings-IMPORT-v2/en_9_settings.png,EasyPost-Store-Listings-IMPORT-v2/en_9_settings.png,EasyPost-Store-Listings-IMPORT-v2/en_9_settings.png,EasyPost-Store-Listings-IMPORT-v2/en_9_settings.png,EasyPost-Store-Listings-IMPORT-v2/en_9_settings.png,EasyPost-Store-Listings-IMPORT-v2/en_9_settings.png,EasyPost-Store-Listings-IMPORT-v2/en_9_settings.png,EasyPost-Store-Listings-IMPORT-v2/en_9_settings.png,EasyPost-Store-Listings-IMPORT-v2/en_9_settings.png,EasyPost-Store-Listings-IMPORT-v2/en_9_settings.png,EasyPost-Store-Listings-IMPORT-v2/en_9_settings.png,EasyPost-Store-Listings-IMPORT-v2/en_9_settings.png,EasyPost-Store-Listings-IMPORT-v2/en_9_settings.png,EasyPost-Store-Listings-IMPORT-v2/en_9_settings.png,EasyPost-Store-Listings-IMPORT-v2/en_9_settings.png,EasyPost-Store-Listings-IMPORT-v2/en_9_settings.png,EasyPost-Store-Listings-IMPORT-v2/en_9_settings.png,EasyPost-Store-Listings-IMPORT-v2/en_9_settings.png,EasyPost-Store-Listings-IMPORT-v2/en_9_settings.png,EasyPost-Store-Listings-IMPORT-v2/en_9_settings.png,EasyPost-Store-Listings-IMPORT-v2/en_9_settings.png,EasyPost-Store-Listings-IMPORT-v2/en_9_settings.png,EasyPost-Store-Listings-IMPORT-v2/en_9_settings.png,EasyPost-Store-Listings-IMPORT-v2/en_9_settings.png,EasyPost-Store-Listings-IMPORT-v2/en_9_settings.png,EasyPost-Store-Listings-IMPORT-v2/en_9_settings.png,EasyPost-Store-Listings-IMPORT-v2/en_9_settings.png,EasyPost-Store-Listings-IMPORT-v2/en_9_settings.png,EasyPost-Store-Listings-IMPORT-v2/en_9_settings.png,EasyPost-Store-Listings-IMPORT-v2/en_9_settings.png,EasyPost-Store-Listings-IMPORT-v2/en_9_settings.png,EasyPost-Store-Listings-IMPORT-v2/en_9_settings.png,EasyPost-Store-Listings-IMPORT-v2/en_9_settings.png
DesktopScreenshot10,109,Relative path (or URL to file in Partner Center),,,,,,,,,,,,,,,,,,,,,,,,,,,,,,,,,,,,,,,,,,,,,,,,
DesktopScreenshot11,110,Relative path (or URL to file in Partner Center),,,,,,,,,,,,,,,,,,,,,,,,,,,,,,,,,,,,,,,,,,,,,,,,
DesktopScreenshot12,111,Relative path (or URL to file in Partner Center),,,,,,,,,,,,,,,,,,,,,,,,,,,,,,,,,,,,,,,,,,,,,,,,
DesktopScreenshot13,112,Relative path (or URL to file in Partner Center),,,,,,,,,,,,,,,,,,,,,,,,,,,,,,,,,,,,,,,,,,,,,,,,
DesktopScreenshot14,113,Relative path (or URL to file in Partner Center),,,,,,,,,,,,,,,,,,,,,,,,,,,,,,,,,,,,,,,,,,,,,,,,
DesktopScreenshot15,114,Relative path (or URL to file in Partner Center),,,,,,,,,,,,,,,,,,,,,,,,,,,,,,,,,,,,,,,,,,,,,,,,
DesktopScreenshot16,115,Relative path (or URL to file in Partner Center),,,,,,,,,,,,,,,,,,,,,,,,,,,,,,,,,,,,,,,,,,,,,,,,
DesktopScreenshot17,116,Relative path (or URL to file in Partner Center),,,,,,,,,,,,,,,,,,,,,,,,,,,,,,,,,,,,,,,,,,,,,,,,
DesktopScreenshot18,117,Relative path (or URL to file in Partner Center),,,,,,,,,,,,,,,,,,,,,,,,,,,,,,,,,,,,,,,,,,,,,,,,
DesktopScreenshot19,118,Relative path (or URL to file in Partner Center),,,,,,,,,,,,,,,,,,,,,,,,,,,,,,,,,,,,,,,,,,,,,,,,
DesktopScreenshot20,119,Relative path (or URL to file in Partner Center),,,,,,,,,,,,,,,,,,,,,,,,,,,,,,,,,,,,,,,,,,,,,,,,
DesktopScreenshot21,120,Relative path (or URL to file in Partner Center),,,,,,,,,,,,,,,,,,,,,,,,,,,,,,,,,,,,,,,,,,,,,,,,
DesktopScreenshot22,121,Relative path (or URL to file in Partner Center),,,,,,,,,,,,,,,,,,,,,,,,,,,,,,,,,,,,,,,,,,,,,,,,
DesktopScreenshot23,122,Relative path (or URL to file in Partner Center),,,,,,,,,,,,,,,,,,,,,,,,,,,,,,,,,,,,,,,,,,,,,,,,
DesktopScreenshot24,123,Relative path (or URL to file in Partner Center),,,,,,,,,,,,,,,,,,,,,,,,,,,,,,,,,,,,,,,,,,,,,,,,
DesktopScreenshot25,124,Relative path (or URL to file in Partner Center),,,,,,,,,,,,,,,,,,,,,,,,,,,,,,,,,,,,,,,,,,,,,,,,
DesktopScreenshot26,125,Relative path (or URL to file in Partner Center),,,,,,,,,,,,,,,,,,,,,,,,,,,,,,,,,,,,,,,,,,,,,,,,
DesktopScreenshot27,126,Relative path (or URL to file in Partner Center),,,,,,,,,,,,,,,,,,,,,,,,,,,,,,,,,,,,,,,,,,,,,,,,
DesktopScreenshot28,127,Relative path (or URL to file in Partner Center),,,,,,,,,,,,,,,,,,,,,,,,,,,,,,,,,,,,,,,,,,,,,,,,
DesktopScreenshot29,128,Relative path (or URL to file in Partner Center),,,,,,,,,,,,,,,,,,,,,,,,,,,,,,,,,,,,,,,,,,,,,,,,
DesktopScreenshot30,129,Relative path (or URL to file in Partner Center),,,,,,,,,,,,,,,,,,,,,,,,,,,,,,,,,,,,,,,,,,,,,,,,
DesktopScreenshotCaption1,150,Text,,"Compare live carrier rates side by side, then buy and print the label.",并排比较各承运商的实时费率，随即购买并打印面单。,कई कैरियर की लाइव दरें साथ-साथ देखें और तुरंत लेबल खरीदें व प्रिंट करें।,Compara tarifas reales de transportistas y compra la etiqueta al momento.,"Comparez les tarifs réels des transporteurs, puis achetez et imprimez l'étiquette.","Compare live carrier rates side by side, then buy and print the label.","Compare live carrier rates side by side, then buy and print the label.","Compare live carrier rates side by side, then buy and print the label.","Compare live carrier rates side by side, then buy and print the label.","Compare live carrier rates side by side, then buy and print the label.","Compare live carrier rates side by side, then buy and print the label.","Tarife mehrerer Dienstleister direkt vergleichen, dann Etikett kaufen und drucken.",複数の配送業者の実際の料金を並べて比較し、そのままラベルを購入・印刷。,"Compare live carrier rates side by side, then buy and print the label.","Compare live carrier rates side by side, then buy and print the label.","Compare live carrier rates side by side, then buy and print the label.","Compare live carrier rates side by side, then buy and print the label.","Compare live carrier rates side by side, then buy and print the label.","Compare live carrier rates side by side, then buy and print the label.","Compare live carrier rates side by side, then buy and print the label.","Compare live carrier rates side by side, then buy and print the label.","Compare live carrier rates side by side, then buy and print the label.","Compare live carrier rates side by side, then buy and print the label.","Compare live carrier rates side by side, then buy and print the label.","Compare live carrier rates side by side, then buy and print the label.","Compare live carrier rates side by side, then buy and print the label.","Compare live carrier rates side by side, then buy and print the label.","Compare live carrier rates side by side, then buy and print the label.","Compare live carrier rates side by side, then buy and print the label.","Compare live carrier rates side by side, then buy and print the label.","Compare live carrier rates side by side, then buy and print the label.","Compare live carrier rates side by side, then buy and print the label.","Compare live carrier rates side by side, then buy and print the label.","Compare live carrier rates side by side, then buy and print the label.","Compare live carrier rates side by side, then buy and print the label.","Compare live carrier rates side by side, then buy and print the label.","Compare live carrier rates side by side, then buy and print the label.","Compare live carrier rates side by side, then buy and print the label.","Compare live carrier rates side by side, then buy and print the label.","Compare live carrier rates side by side, then buy and print the label.","Compare live carrier rates side by side, then buy and print the label.","Compare live carrier rates side by side, then buy and print the label.","Compare live carrier rates side by side, then buy and print the label.","Compare live carrier rates side by side, then buy and print the label.","Compare live carrier rates side by side, then buy and print the label.","Compare live carrier rates side by side, then buy and print the label.","Compare live carrier rates side by side, then buy and print the label."
DesktopScreenshotCaption2,151,Text,,"Track every parcel from a single screen, with automatic refresh.",在一个界面追踪所有包裹，自动刷新。,"सभी पार्सल एक ही स्क्रीन से ट्रैक करें, स्वचालित रिफ़्रेश के साथ।","Sigue todos los envíos desde una sola pantalla, con actualización automática.","Suivez chaque colis depuis un seul écran, avec actualisation automatique.","Track every parcel from a single screen, with automatic refresh.","Track every parcel from a single screen, with automatic refresh.","Track every parcel from a single screen, with automatic refresh.","Track every parcel from a single screen, with automatic refresh.","Track every parcel from a single screen, with automatic refresh.","Track every parcel from a single screen, with automatic refresh.","Alle Sendungen auf einem Bildschirm verfolgen, mit automatischer Aktualisierung.",すべての荷物を1つの画面で追跡。自動更新に対応。,"Track every parcel from a single screen, with automatic refresh.","Track every parcel from a single screen, with automatic refresh.","Track every parcel from a single screen, with automatic refresh.","Track every parcel from a single screen, with automatic refresh.","Track every parcel from a single screen, with automatic refresh.","Track every parcel from a single screen, with automatic refresh.","Track every parcel from a single screen, with automatic refresh.","Track every parcel from a single screen, with automatic refresh.","Track every parcel from a single screen, with automatic refresh.","Track every parcel from a single screen, with automatic refresh.","Track every parcel from a single screen, with automatic refresh.","Track every parcel from a single screen, with automatic refresh.","Track every parcel from a single screen, with automatic refresh.","Track every parcel from a single screen, with automatic refresh.","Track every parcel from a single screen, with automatic refresh.","Track every parcel from a single screen, with automatic refresh.","Track every parcel from a single screen, with automatic refresh.","Track every parcel from a single screen, with automatic refresh.","Track every parcel from a single screen, with automatic refresh.","Track every parcel from a single screen, with automatic refresh.","Track every parcel from a single screen, with automatic refresh.","Track every parcel from a single screen, with automatic refresh.","Track every parcel from a single screen, with automatic refresh.","Track every parcel from a single screen, with automatic refresh.","Track every parcel from a single screen, with automatic refresh.","Track every parcel from a single screen, with automatic refresh.","Track every parcel from a single screen, with automatic refresh.","Track every parcel from a single screen, with automatic refresh.","Track every parcel from a single screen, with automatic refresh.","Track every parcel from a single screen, with automatic refresh.","Track every parcel from a single screen, with automatic refresh.","Track every parcel from a single screen, with automatic refresh.","Track every parcel from a single screen, with automatic refresh.","Track every parcel from a single screen, with automatic refresh."
DesktopScreenshotCaption3,152,Text,,"Save and verify addresses, with country-aware fields for 197 countries.",保存并验证地址，支持 197 个国家的本地化字段。,"पते सहेजें और सत्यापित करें, 197 देशों के अनुरूप फ़ील्ड के साथ।","Guarda y verifica direcciones, con campos adaptados a 197 países.","Enregistrez et vérifiez les adresses, avec des champs adaptés à 197 pays.","Save and verify addresses, with country-aware fields for 197 countries.","Save and verify addresses, with country-aware fields for 197 countries.","Save and verify addresses, with country-aware fields for 197 countries.","Save and verify addresses, with country-aware fields for 197 countries.","Save and verify addresses, with country-aware fields for 197 countries.","Save and verify addresses, with country-aware fields for 197 countries.","Adressen speichern und prüfen, mit länderspezifischen Feldern für 197 Länder.",住所を保存して検証。197か国に対応した国別入力項目。,"Save and verify addresses, with country-aware fields for 197 countries.","Save and verify addresses, with country-aware fields for 197 countries.","Save and verify addresses, with country-aware fields for 197 countries.","Save and verify addresses, with country-aware fields for 197 countries.","Save and verify addresses, with country-aware fields for 197 countries.","Save and verify addresses, with country-aware fields for 197 countries.","Save and verify addresses, with country-aware fields for 197 countries.","Save and verify addresses, with country-aware fields for 197 countries.","Save and verify addresses, with country-aware fields for 197 countries.","Save and verify addresses, with country-aware fields for 197 countries.","Save and verify addresses, with country-aware fields for 197 countries.","Save and verify addresses, with country-aware fields for 197 countries.","Save and verify addresses, with country-aware fields for 197 countries.","Save and verify addresses, with country-aware fields for 197 countries.","Save and verify addresses, with country-aware fields for 197 countries.","Save and verify addresses, with country-aware fields for 197 countries.","Save and verify addresses, with country-aware fields for 197 countries.","Save and verify addresses, with country-aware fields for 197 countries.","Save and verify addresses, with country-aware fields for 197 countries.","Save and verify addresses, with country-aware fields for 197 countries.","Save and verify addresses, with country-aware fields for 197 countries.","Save and verify addresses, with country-aware fields for 197 countries.","Save and verify addresses, with country-aware fields for 197 countries.","Save and verify addresses, with country-aware fields for 197 countries.","Save and verify addresses, with country-aware fields for 197 countries.","Save and verify addresses, with country-aware fields for 197 countries.","Save and verify addresses, with country-aware fields for 197 countries.","Save and verify addresses, with country-aware fields for 197 countries.","Save and verify addresses, with country-aware fields for 197 countries.","Save and verify addresses, with country-aware fields for 197 countries.","Save and verify addresses, with country-aware fields for 197 countries.","Save and verify addresses, with country-aware fields for 197 countries.","Save and verify addresses, with country-aware fields for 197 countries.","Save and verify addresses, with country-aware fields for 197 countries."
DesktopScreenshotCaption4,153,Text,,"Import a CSV of recipients, then rate and buy in bulk.",导入收件人 CSV 文件，批量询价并购买。,"प्राप्तकर्ताओं की CSV फ़ाइल आयात करें, फिर थोक में दर देखें और खरीदें।",Importa un CSV de destinatarios y cotiza y compra por lotes.,"Importez un CSV de destinataires, puis tarifez et achetez en lot.","Import a CSV of recipients, then rate and buy in bulk.","Import a CSV of recipients, then rate and buy in bulk.","Import a CSV of recipients, then rate and buy in bulk.","Import a CSV of recipients, then rate and buy in bulk.","Import a CSV of recipients, then rate and buy in bulk.","Import a CSV of recipients, then rate and buy in bulk.","Eine CSV-Datei mit Empfängern importieren, dann Tarife abrufen und im Stapel kaufen.",宛先のCSVを取り込み、一括で料金確認と購入。,"Import a CSV of recipients, then rate and buy in bulk.","Import a CSV of recipients, then rate and buy in bulk.","Import a CSV of recipients, then rate and buy in bulk.","Import a CSV of recipients, then rate and buy in bulk.","Import a CSV of recipients, then rate and buy in bulk.","Import a CSV of recipients, then rate and buy in bulk.","Import a CSV of recipients, then rate and buy in bulk.","Import a CSV of recipients, then rate and buy in bulk.","Import a CSV of recipients, then rate and buy in bulk.","Import a CSV of recipients, then rate and buy in bulk.","Import a CSV of recipients, then rate and buy in bulk.","Import a CSV of recipients, then rate and buy in bulk.","Import a CSV of recipients, then rate and buy in bulk.","Import a CSV of recipients, then rate and buy in bulk.","Import a CSV of recipients, then rate and buy in bulk.","Import a CSV of recipients, then rate and buy in bulk.","Import a CSV of recipients, then rate and buy in bulk.","Import a CSV of recipients, then rate and buy in bulk.","Import a CSV of recipients, then rate and buy in bulk.","Import a CSV of recipients, then rate and buy in bulk.","Import a CSV of recipients, then rate and buy in bulk.","Import a CSV of recipients, then rate and buy in bulk.","Import a CSV of recipients, then rate and buy in bulk.","Import a CSV of recipients, then rate and buy in bulk.","Import a CSV of recipients, then rate and buy in bulk.","Import a CSV of recipients, then rate and buy in bulk.","Import a CSV of recipients, then rate and buy in bulk.","Import a CSV of recipients, then rate and buy in bulk.","Import a CSV of recipients, then rate and buy in bulk.","Import a CSV of recipients, then rate and buy in bulk.","Import a CSV of recipients, then rate and buy in bulk.","Import a CSV of recipients, then rate and buy in bulk.","Import a CSV of recipients, then rate and buy in bulk.","Import a CSV of recipients, then rate and buy in bulk."
DesktopScreenshotCaption5,154,Text,,"Every purchased label in one place, with refunds a click away.",所有已购面单集中管理，退款只需一次点击。,"खरीदे गए सभी लेबल एक जगह, रिफ़ंड बस एक क्लिक दूर।","Todas las etiquetas compradas en un solo lugar, con reembolsos a un clic.","Toutes les étiquettes achetées au même endroit, remboursement en un clic.","Every purchased label in one place, with refunds a click away.","Every purchased label in one place, with refunds a click away.","Every purchased label in one place, with refunds a click away.","Every purchased label in one place, with refunds a click away.","Every purchased label in one place, with refunds a click away.","Every purchased label in one place, with refunds a click away.","Alle gekauften Etiketten an einem Ort, Erstattung mit einem Klick.",購入したラベルをすべて一覧表示。返金もワンクリック。,"Every purchased label in one place, with refunds a click away.","Every purchased label in one place, with refunds a click away.","Every purchased label in one place, with refunds a click away.","Every purchased label in one place, with refunds a click away.","Every purchased label in one place, with refunds a click away.","Every purchased label in one place, with refunds a click away.","Every purchased label in one place, with refunds a click away.","Every purchased label in one place, with refunds a click away.","Every purchased label in one place, with refunds a click away.","Every purchased label in one place, with refunds a click away.","Every purchased label in one place, with refunds a click away.","Every purchased label in one place, with refunds a click away.","Every purchased label in one place, with refunds a click away.","Every purchased label in one place, with refunds a click away.","Every purchased label in one place, with refunds a click away.","Every purchased label in one place, with refunds a click away.","Every purchased label in one place, with refunds a click away.","Every purchased label in one place, with refunds a click away.","Every purchased label in one place, with refunds a click away.","Every purchased label in one place, with refunds a click away.","Every purchased label in one place, with refunds a click away.","Every purchased label in one place, with refunds a click away.","Every purchased label in one place, with refunds a click away.","Every purchased label in one place, with refunds a click away.","Every purchased label in one place, with refunds a click away.","Every purchased label in one place, with refunds a click away.","Every purchased label in one place, with refunds a click away.","Every purchased label in one place, with refunds a click away.","Every purchased label in one place, with refunds a click away.","Every purchased label in one place, with refunds a click away.","Every purchased label in one place, with refunds a click away.","Every purchased label in one place, with refunds a click away.","Every purchased label in one place, with refunds a click away.","Every purchased label in one place, with refunds a click away."
DesktopScreenshotCaption6,155,Text,,Spend by carrier and label counts at a glance.,一目了然地查看各承运商支出与面单数量。,कैरियर के अनुसार खर्च और लेबल संख्या एक नज़र में।,Gasto por transportista y recuento de etiquetas de un vistazo.,Dépenses par transporteur et nombre d'étiquettes en un coup d'œil.,Spend by carrier and label counts at a glance.,Spend by carrier and label counts at a glance.,Spend by carrier and label counts at a glance.,Spend by carrier and label counts at a glance.,Spend by carrier and label counts at a glance.,Spend by carrier and label counts at a glance.,Ausgaben je Dienstleister und Etikettenanzahl auf einen Blick.,配送業者ごとの費用とラベル枚数をひと目で把握。,Spend by carrier and label counts at a glance.,Spend by carrier and label counts at a glance.,Spend by carrier and label counts at a glance.,Spend by carrier and label counts at a glance.,Spend by carrier and label counts at a glance.,Spend by carrier and label counts at a glance.,Spend by carrier and label counts at a glance.,Spend by carrier and label counts at a glance.,Spend by carrier and label counts at a glance.,Spend by carrier and label counts at a glance.,Spend by carrier and label counts at a glance.,Spend by carrier and label counts at a glance.,Spend by carrier and label counts at a glance.,Spend by carrier and label counts at a glance.,Spend by carrier and label counts at a glance.,Spend by carrier and label counts at a glance.,Spend by carrier and label counts at a glance.,Spend by carrier and label counts at a glance.,Spend by carrier and label counts at a glance.,Spend by carrier and label counts at a glance.,Spend by carrier and label counts at a glance.,Spend by carrier and label counts at a glance.,Spend by carrier and label counts at a glance.,Spend by carrier and label counts at a glance.,Spend by carrier and label counts at a glance.,Spend by carrier and label counts at a glance.,Spend by carrier and label counts at a glance.,Spend by carrier and label counts at a glance.,Spend by carrier and label counts at a glance.,Spend by carrier and label counts at a glance.,Spend by carrier and label counts at a glance.,Spend by carrier and label counts at a glance.,Spend by carrier and label counts at a glance.,Spend by carrier and label counts at a glance.
DesktopScreenshotCaption7,156,Text,,Search live Harmonized Tariff Schedule codes for customs paperwork.,实时查询协调关税税则（HTS）编码，便于报关。,सीमा शुल्क दस्तावेज़ों के लिए लाइव HTS टैरिफ़ कोड खोजें।,Busca códigos arancelarios armonizados en directo para la documentación aduanera.,Recherchez les codes du tarif douanier harmonisé en direct.,Search live Harmonized Tariff Schedule codes for customs paperwork.,Search live Harmonized Tariff Schedule codes for customs paperwork.,Search live Harmonized Tariff Schedule codes for customs paperwork.,Search live Harmonized Tariff Schedule codes for customs paperwork.,Search live Harmonized Tariff Schedule codes for customs paperwork.,Search live Harmonized Tariff Schedule codes for customs paperwork.,Codes des Harmonisierten Zolltarifs live durchsuchen.,税関書類向けにHTS（統一関税品目表）コードをリアルタイム検索。,Search live Harmonized Tariff Schedule codes for customs paperwork.,Search live Harmonized Tariff Schedule codes for customs paperwork.,Search live Harmonized Tariff Schedule codes for customs paperwork.,Search live Harmonized Tariff Schedule codes for customs paperwork.,Search live Harmonized Tariff Schedule codes for customs paperwork.,Search live Harmonized Tariff Schedule codes for customs paperwork.,Search live Harmonized Tariff Schedule codes for customs paperwork.,Search live Harmonized Tariff Schedule codes for customs paperwork.,Search live Harmonized Tariff Schedule codes for customs paperwork.,Search live Harmonized Tariff Schedule codes for customs paperwork.,Search live Harmonized Tariff Schedule codes for customs paperwork.,Search live Harmonized Tariff Schedule codes for customs paperwork.,Search live Harmonized Tariff Schedule codes for customs paperwork.,Search live Harmonized Tariff Schedule codes for customs paperwork.,Search live Harmonized Tariff Schedule codes for customs paperwork.,Search live Harmonized Tariff Schedule codes for customs paperwork.,Search live Harmonized Tariff Schedule codes for customs paperwork.,Search live Harmonized Tariff Schedule codes for customs paperwork.,Search live Harmonized Tariff Schedule codes for customs paperwork.,Search live Harmonized Tariff Schedule codes for customs paperwork.,Search live Harmonized Tariff Schedule codes for customs paperwork.,Search live Harmonized Tariff Schedule codes for customs paperwork.,Search live Harmonized Tariff Schedule codes for customs paperwork.,Search live Harmonized Tariff Schedule codes for customs paperwork.,Search live Harmonized Tariff Schedule codes for customs paperwork.,Search live Harmonized Tariff Schedule codes for customs paperwork.,Search live Harmonized Tariff Schedule codes for customs paperwork.,Search live Harmonized Tariff Schedule codes for customs paperwork.,Search live Harmonized Tariff Schedule codes for customs paperwork.,Search live Harmonized Tariff Schedule codes for customs paperwork.,Search live Harmonized Tariff Schedule codes for customs paperwork.,Search live Harmonized Tariff Schedule codes for customs paperwork.,Search live Harmonized Tariff Schedule codes for customs paperwork.,Search live Harmonized Tariff Schedule codes for customs paperwork.
DesktopScreenshotCaption8,157,Text,,Shipping activity at a glance the moment the app opens.,打开应用即可总览发货动态。,ऐप खोलते ही शिपिंग गतिविधि एक नज़र में।,La actividad de envíos a la vista nada más abrir la aplicación.,L'activité d'expédition en un coup d'œil dès l'ouverture.,Shipping activity at a glance the moment the app opens.,Shipping activity at a glance the moment the app opens.,Shipping activity at a glance the moment the app opens.,Shipping activity at a glance the moment the app opens.,Shipping activity at a glance the moment the app opens.,Shipping activity at a glance the moment the app opens.,"Die Versandaktivität auf einen Blick, direkt nach dem Start.",起動直後に配送状況をひと目で確認。,Shipping activity at a glance the moment the app opens.,Shipping activity at a glance the moment the app opens.,Shipping activity at a glance the moment the app opens.,Shipping activity at a glance the moment the app opens.,Shipping activity at a glance the moment the app opens.,Shipping activity at a glance the moment the app opens.,Shipping activity at a glance the moment the app opens.,Shipping activity at a glance the moment the app opens.,Shipping activity at a glance the moment the app opens.,Shipping activity at a glance the moment the app opens.,Shipping activity at a glance the moment the app opens.,Shipping activity at a glance the moment the app opens.,Shipping activity at a glance the moment the app opens.,Shipping activity at a glance the moment the app opens.,Shipping activity at a glance the moment the app opens.,Shipping activity at a glance the moment the app opens.,Shipping activity at a glance the moment the app opens.,Shipping activity at a glance the moment the app opens.,Shipping activity at a glance the moment the app opens.,Shipping activity at a glance the moment the app opens.,Shipping activity at a glance the moment the app opens.,Shipping activity at a glance the moment the app opens.,Shipping activity at a glance the moment the app opens.,Shipping activity at a glance the moment the app opens.,Shipping activity at a glance the moment the app opens.,Shipping activity at a glance the moment the app opens.,Shipping activity at a glance the moment the app opens.,Shipping activity at a glance the moment the app opens.,Shipping activity at a glance the moment the app opens.,Shipping activity at a glance the moment the app opens.,Shipping activity at a glance the moment the app opens.,Shipping activity at a glance the moment the app opens.,Shipping activity at a glance the moment the app opens.,Shipping activity at a glance the moment the app opens.
DesktopScreenshotCaption9,158,Text,,"Label format, label size and fifty interface languages.",面单格式、面单尺寸，以及 50 种界面语言。,"लेबल फ़ॉर्मैट, लेबल आकार और पचास इंटरफ़ेस भाषाएँ।","Formato de etiqueta, tamaño de etiqueta y cincuenta idiomas de interfaz.","Format d'étiquette, taille d'étiquette et cinquante langues d'interface.","Label format, label size and fifty interface languages.","Label format, label size and fifty interface languages.","Label format, label size and fifty interface languages.","Label format, label size and fifty interface languages.","Label format, label size and fifty interface languages.","Label format, label size and fifty interface languages.","Etikettenformat, Etikettengröße und fünfzig Oberflächensprachen.",ラベル形式、ラベルサイズ、50言語のインターフェース。,"Label format, label size and fifty interface languages.","Label format, label size and fifty interface languages.","Label format, label size and fifty interface languages.","Label format, label size and fifty interface languages.","Label format, label size and fifty interface languages.","Label format, label size and fifty interface languages.","Label format, label size and fifty interface languages.","Label format, label size and fifty interface languages.","Label format, label size and fifty interface languages.","Label format, label size and fifty interface languages.","Label format, label size and fifty interface languages.","Label format, label size and fifty interface languages.","Label format, label size and fifty interface languages.","Label format, label size and fifty interface languages.","Label format, label size and fifty interface languages.","Label format, label size and fifty interface languages.","Label format, label size and fifty interface languages.","Label format, label size and fifty interface languages.","Label format, label size and fifty interface languages.","Label format, label size and fifty interface languages.","Label format, label size and fifty interface languages.","Label format, label size and fifty interface languages.","Label format, label size and fifty interface languages.","Label format, label size and fifty interface languages.","Label format, label size and fifty interface languages.","Label format, label size and fifty interface languages.","Label format, label size and fifty interface languages.","Label format, label size and fifty interface languages.","Label format, label size and fifty interface languages.","Label format, label size and fifty interface languages.","Label format, label size and fifty interface languages.","Label format, label size and fifty interface languages.","Label format, label size and fifty interface languages.","Label format, label size and fifty interface languages."
DesktopScreenshotCaption10,159,Text,,,,,,,,,,,,,,,,,,,,,,,,,,,,,,,,,,,,,,,,,,,,,,,,
DesktopScreenshotCaption11,160,Text,,,,,,,,,,,,,,,,,,,,,,,,,,,,,,,,,,,,,,,,,,,,,,,,
DesktopScreenshotCaption12,161,Text,,,,,,,,,,,,,,,,,,,,,,,,,,,,,,,,,,,,,,,,,,,,,,,,
DesktopScreenshotCaption13,162,Text,,,,,,,,,,,,,,,,,,,,,,,,,,,,,,,,,,,,,,,,,,,,,,,,
DesktopScreenshotCaption14,163,Text,,,,,,,,,,,,,,,,,,,,,,,,,,,,,,,,,,,,,,,,,,,,,,,,
DesktopScreenshotCaption15,164,Text,,,,,,,,,,,,,,,,,,,,,,,,,,,,,,,,,,,,,,,,,,,,,,,,
DesktopScreenshotCaption16,165,Text,,,,,,,,,,,,,,,,,,,,,,,,,,,,,,,,,,,,,,,,,,,,,,,,
DesktopScreenshotCaption17,166,Text,,,,,,,,,,,,,,,,,,,,,,,,,,,,,,,,,,,,,,,,,,,,,,,,
DesktopScreenshotCaption18,167,Text,,,,,,,,,,,,,,,,,,,,,,,,,,,,,,,,,,,,,,,,,,,,,,,,
DesktopScreenshotCaption19,168,Text,,,,,,,,,,,,,,,,,,,,,,,,,,,,,,,,,,,,,,,,,,,,,,,,
DesktopScreenshotCaption20,169,Text,,,,,,,,,,,,,,,,,,,,,,,,,,,,,,,,,,,,,,,,,,,,,,,,
DesktopScreenshotCaption21,170,Text,,,,,,,,,,,,,,,,,,,,,,,,,,,,,,,,,,,,,,,,,,,,,,,,
DesktopScreenshotCaption22,171,Text,,,,,,,,,,,,,,,,,,,,,,,,,,,,,,,,,,,,,,,,,,,,,,,,
DesktopScreenshotCaption23,172,Text,,,,,,,,,,,,,,,,,,,,,,,,,,,,,,,,,,,,,,,,,,,,,,,,
DesktopScreenshotCaption24,173,Text,,,,,,,,,,,,,,,,,,,,,,,,,,,,,,,,,,,,,,,,,,,,,,,,
DesktopScreenshotCaption25,174,Text,,,,,,,,,,,,,,,,,,,,,,,,,,,,,,,,,,,,,,,,,,,,,,,,
DesktopScreenshotCaption26,175,Text,,,,,,,,,,,,,,,,,,,,,,,,,,,,,,,,,,,,,,,,,,,,,,,,
DesktopScreenshotCaption27,176,Text,,,,,,,,,,,,,,,,,,,,,,,,,,,,,,,,,,,,,,,,,,,,,,,,
DesktopScreenshotCaption28,177,Text,,,,,,,,,,,,,,,,,,,,,,,,,,,,,,,,,,,,,,,,,,,,,,,,
DesktopScreenshotCaption29,178,Text,,,,,,,,,,,,,,,,,,,,,,,,,,,,,,,,,,,,,,,,,,,,,,,,
DesktopScreenshotCaption30,179,Text,,,,,,,,,,,,,,,,,,,,,,,,,,,,,,,,,,,,,,,,,,,,,,,,
MobileScreenshot1,200,Relative path (or URL to file in Partner Center),,,,,,,,,,,,,,,,,,,,,,,,,,,,,,,,,,,,,,,,,,,,,,,,
MobileScreenshot2,201,Relative path (or URL to file in Partner Center),,,,,,,,,,,,,,,,,,,,,,,,,,,,,,,,,,,,,,,,,,,,,,,,
MobileScreenshot3,202,Relative path (or URL to file in Partner Center),,,,,,,,,,,,,,,,,,,,,,,,,,,,,,,,,,,,,,,,,,,,,,,,
MobileScreenshot4,203,Relative path (or URL to file in Partner Center),,,,,,,,,,,,,,,,,,,,,,,,,,,,,,,,,,,,,,,,,,,,,,,,
MobileScreenshot5,204,Relative path (or URL to file in Partner Center),,,,,,,,,,,,,,,,,,,,,,,,,,,,,,,,,,,,,,,,,,,,,,,,
MobileScreenshot6,205,Relative path (or URL to file in Partner Center),,,,,,,,,,,,,,,,,,,,,,,,,,,,,,,,,,,,,,,,,,,,,,,,
MobileScreenshot7,206,Relative path (or URL to file in Partner Center),,,,,,,,,,,,,,,,,,,,,,,,,,,,,,,,,,,,,,,,,,,,,,,,
MobileScreenshot8,207,Relative path (or URL to file in Partner Center),,,,,,,,,,,,,,,,,,,,,,,,,,,,,,,,,,,,,,,,,,,,,,,,
MobileScreenshot9,208,Relative path (or URL to file in Partner Center),,,,,,,,,,,,,,,,,,,,,,,,,,,,,,,,,,,,,,,,,,,,,,,,
MobileScreenshot10,209,Relative path (or URL to file in Partner Center),,,,,,,,,,,,,,,,,,,,,,,,,,,,,,,,,,,,,,,,,,,,,,,,
MobileScreenshot11,210,Relative path (or URL to file in Partner Center),,,,,,,,,,,,,,,,,,,,,,,,,,,,,,,,,,,,,,,,,,,,,,,,
MobileScreenshot12,211,Relative path (or URL to file in Partner Center),,,,,,,,,,,,,,,,,,,,,,,,,,,,,,,,,,,,,,,,,,,,,,,,
MobileScreenshot13,212,Relative path (or URL to file in Partner Center),,,,,,,,,,,,,,,,,,,,,,,,,,,,,,,,,,,,,,,,,,,,,,,,
MobileScreenshot14,213,Relative path (or URL to file in Partner Center),,,,,,,,,,,,,,,,,,,,,,,,,,,,,,,,,,,,,,,,,,,,,,,,
MobileScreenshot15,214,Relative path (or URL to file in Partner Center),,,,,,,,,,,,,,,,,,,,,,,,,,,,,,,,,,,,,,,,,,,,,,,,
MobileScreenshot16,215,Relative path (or URL to file in Partner Center),,,,,,,,,,,,,,,,,,,,,,,,,,,,,,,,,,,,,,,,,,,,,,,,
MobileScreenshot17,216,Relative path (or URL to file in Partner Center),,,,,,,,,,,,,,,,,,,,,,,,,,,,,,,,,,,,,,,,,,,,,,,,
MobileScreenshot18,217,Relative path (or URL to file in Partner Center),,,,,,,,,,,,,,,,,,,,,,,,,,,,,,,,,,,,,,,,,,,,,,,,
MobileScreenshot19,218,Relative path (or URL to file in Partner Center),,,,,,,,,,,,,,,,,,,,,,,,,,,,,,,,,,,,,,,,,,,,,,,,
MobileScreenshot20,219,Relative path (or URL to file in Partner Center),,,,,,,,,,,,,,,,,,,,,,,,,,,,,,,,,,,,,,,,,,,,,,,,
MobileScreenshot21,220,Relative path (or URL to file in Partner Center),,,,,,,,,,,,,,,,,,,,,,,,,,,,,,,,,,,,,,,,,,,,,,,,
MobileScreenshot22,221,Relative path (or URL to file in Partner Center),,,,,,,,,,,,,,,,,,,,,,,,,,,,,,,,,,,,,,,,,,,,,,,,
MobileScreenshot23,222,Relative path (or URL to file in Partner Center),,,,,,,,,,,,,,,,,,,,,,,,,,,,,,,,,,,,,,,,,,,,,,,,
MobileScreenshot24,223,Relative path (or URL to file in Partner Center),,,,,,,,,,,,,,,,,,,,,,,,,,,,,,,,,,,,,,,,,,,,,,,,
MobileScreenshot25,224,Relative path (or URL to file in Partner Center),,,,,,,,,,,,,,,,,,,,,,,,,,,,,,,,,,,,,,,,,,,,,,,,
MobileScreenshot26,225,Relative path (or URL to file in Partner Center),,,,,,,,,,,,,,,,,,,,,,,,,,,,,,,,,,,,,,,,,,,,,,,,
MobileScreenshot27,226,Relative path (or URL to file in Partner Center),,,,,,,,,,,,,,,,,,,,,,,,,,,,,,,,,,,,,,,,,,,,,,,,
MobileScreenshot28,227,Relative path (or URL to file in Partner Center),,,,,,,,,,,,,,,,,,,,,,,,,,,,,,,,,,,,,,,,,,,,,,,,
MobileScreenshot29,228,Relative path (or URL to file in Partner Center),,,,,,,,,,,,,,,,,,,,,,,,,,,,,,,,,,,,,,,,,,,,,,,,
MobileScreenshot30,229,Relative path (or URL to file in Partner Center),,,,,,,,,,,,,,,,,,,,,,,,,,,,,,,,,,,,,,,,,,,,,,,,
MobileScreenshotCaption1,250,Text,,,,,,,,,,,,,,,,,,,,,,,,,,,,,,,,,,,,,,,,,,,,,,,,
MobileScreenshotCaption2,251,Text,,,,,,,,,,,,,,,,,,,,,,,,,,,,,,,,,,,,,,,,,,,,,,,,
MobileScreenshotCaption3,252,Text,,,,,,,,,,,,,,,,,,,,,,,,,,,,,,,,,,,,,,,,,,,,,,,,
MobileScreenshotCaption4,253,Text,,,,,,,,,,,,,,,,,,,,,,,,,,,,,,,,,,,,,,,,,,,,,,,,
MobileScreenshotCaption5,254,Text,,,,,,,,,,,,,,,,,,,,,,,,,,,,,,,,,,,,,,,,,,,,,,,,
MobileScreenshotCaption6,255,Text,,,,,,,,,,,,,,,,,,,,,,,,,,,,,,,,,,,,,,,,,,,,,,,,
MobileScreenshotCaption7,256,Text,,,,,,,,,,,,,,,,,,,,,,,,,,,,,,,,,,,,,,,,,,,,,,,,
MobileScreenshotCaption8,257,Text,,,,,,,,,,,,,,,,,,,,,,,,,,,,,,,,,,,,,,,,,,,,,,,,
MobileScreenshotCaption9,258,Text,,,,,,,,,,,,,,,,,,,,,,,,,,,,,,,,,,,,,,,,,,,,,,,,
MobileScreenshotCaption10,259,Text,,,,,,,,,,,,,,,,,,,,,,,,,,,,,,,,,,,,,,,,,,,,,,,,
MobileScreenshotCaption11,260,Text,,,,,,,,,,,,,,,,,,,,,,,,,,,,,,,,,,,,,,,,,,,,,,,,
MobileScreenshotCaption12,261,Text,,,,,,,,,,,,,,,,,,,,,,,,,,,,,,,,,,,,,,,,,,,,,,,,
MobileScreenshotCaption13,262,Text,,,,,,,,,,,,,,,,,,,,,,,,,,,,,,,,,,,,,,,,,,,,,,,,
MobileScreenshotCaption14,263,Text,,,,,,,,,,,,,,,,,,,,,,,,,,,,,,,,,,,,,,,,,,,,,,,,
MobileScreenshotCaption15,264,Text,,,,,,,,,,,,,,,,,,,,,,,,,,,,,,,,,,,,,,,,,,,,,,,,
MobileScreenshotCaption16,265,Text,,,,,,,,,,,,,,,,,,,,,,,,,,,,,,,,,,,,,,,,,,,,,,,,
MobileScreenshotCaption17,266,Text,,,,,,,,,,,,,,,,,,,,,,,,,,,,,,,,,,,,,,,,,,,,,,,,
MobileScreenshotCaption18,267,Text,,,,,,,,,,,,,,,,,,,,,,,,,,,,,,,,,,,,,,,,,,,,,,,,
MobileScreenshotCaption19,268,Text,,,,,,,,,,,,,,,,,,,,,,,,,,,,,,,,,,,,,,,,,,,,,,,,
MobileScreenshotCaption20,269,Text,,,,,,,,,,,,,,,,,,,,,,,,,,,,,,,,,,,,,,,,,,,,,,,,
MobileScreenshotCaption21,270,Text,,,,,,,,,,,,,,,,,,,,,,,,,,,,,,,,,,,,,,,,,,,,,,,,
MobileScreenshotCaption22,271,Text,,,,,,,,,,,,,,,,,,,,,,,,,,,,,,,,,,,,,,,,,,,,,,,,
MobileScreenshotCaption23,272,Text,,,,,,,,,,,,,,,,,,,,,,,,,,,,,,,,,,,,,,,,,,,,,,,,
MobileScreenshotCaption24,273,Text,,,,,,,,,,,,,,,,,,,,,,,,,,,,,,,,,,,,,,,,,,,,,,,,
MobileScreenshotCaption25,274,Text,,,,,,,,,,,,,,,,,,,,,,,,,,,,,,,,,,,,,,,,,,,,,,,,
MobileScreenshotCaption26,275,Text,,,,,,,,,,,,,,,,,,,,,,,,,,,,,,,,,,,,,,,,,,,,,,,,
MobileScreenshotCaption27,276,Text,,,,,,,,,,,,,,,,,,,,,,,,,,,,,,,,,,,,,,,,,,,,,,,,
MobileScreenshotCaption28,277,Text,,,,,,,,,,,,,,,,,,,,,,,,,,,,,,,,,,,,,,,,,,,,,,,,
MobileScreenshotCaption29,278,Text,,,,,,,,,,,,,,,,,,,,,,,,,,,,,,,,,,,,,,,,,,,,,,,,
MobileScreenshotCaption30,279,Text,,,,,,,,,,,,,,,,,,,,,,,,,,,,,,,,,,,,,,,,,,,,,,,,
XboxScreenshot1,300,Relative path (or URL to file in Partner Center),,,,,,,,,,,,,,,,,,,,,,,,,,,,,,,,,,,,,,,,,,,,,,,,
XboxScreenshot2,301,Relative path (or URL to file in Partner Center),,,,,,,,,,,,,,,,,,,,,,,,,,,,,,,,,,,,,,,,,,,,,,,,
XboxScreenshot3,302,Relative path (or URL to file in Partner Center),,,,,,,,,,,,,,,,,,,,,,,,,,,,,,,,,,,,,,,,,,,,,,,,
XboxScreenshot4,303,Relative path (or URL to file in Partner Center),,,,,,,,,,,,,,,,,,,,,,,,,,,,,,,,,,,,,,,,,,,,,,,,
XboxScreenshot5,304,Relative path (or URL to file in Partner Center),,,,,,,,,,,,,,,,,,,,,,,,,,,,,,,,,,,,,,,,,,,,,,,,
XboxScreenshot6,305,Relative path (or URL to file in Partner Center),,,,,,,,,,,,,,,,,,,,,,,,,,,,,,,,,,,,,,,,,,,,,,,,
XboxScreenshot7,306,Relative path (or URL to file in Partner Center),,,,,,,,,,,,,,,,,,,,,,,,,,,,,,,,,,,,,,,,,,,,,,,,
XboxScreenshot8,307,Relative path (or URL to file in Partner Center),,,,,,,,,,,,,,,,,,,,,,,,,,,,,,,,,,,,,,,,,,,,,,,,
XboxScreenshot9,308,Relative path (or URL to file in Partner Center),,,,,,,,,,,,,,,,,,,,,,,,,,,,,,,,,,,,,,,,,,,,,,,,
XboxScreenshot10,309,Relative path (or URL to file in Partner Center),,,,,,,,,,,,,,,,,,,,,,,,,,,,,,,,,,,,,,,,,,,,,,,,
XboxScreenshot11,310,Relative path (or URL to file in Partner Center),,,,,,,,,,,,,,,,,,,,,,,,,,,,,,,,,,,,,,,,,,,,,,,,
XboxScreenshot12,311,Relative path (or URL to file in Partner Center),,,,,,,,,,,,,,,,,,,,,,,,,,,,,,,,,,,,,,,,,,,,,,,,
XboxScreenshot13,312,Relative path (or URL to file in Partner Center),,,,,,,,,,,,,,,,,,,,,,,,,,,,,,,,,,,,,,,,,,,,,,,,
XboxScreenshot14,313,Relative path (or URL to file in Partner Center),,,,,,,,,,,,,,,,,,,,,,,,,,,,,,,,,,,,,,,,,,,,,,,,
XboxScreenshot15,314,Relative path (or URL to file in Partner Center),,,,,,,,,,,,,,,,,,,,,,,,,,,,,,,,,,,,,,,,,,,,,,,,
XboxScreenshot16,315,Relative path (or URL to file in Partner Center),,,,,,,,,,,,,,,,,,,,,,,,,,,,,,,,,,,,,,,,,,,,,,,,
XboxScreenshot17,316,Relative path (or URL to file in Partner Center),,,,,,,,,,,,,,,,,,,,,,,,,,,,,,,,,,,,,,,,,,,,,,,,
XboxScreenshot18,317,Relative path (or URL to file in Partner Center),,,,,,,,,,,,,,,,,,,,,,,,,,,,,,,,,,,,,,,,,,,,,,,,
XboxScreenshot19,318,Relative path (or URL to file in Partner Center),,,,,,,,,,,,,,,,,,,,,,,,,,,,,,,,,,,,,,,,,,,,,,,,
XboxScreenshot20,319,Relative path (or URL to file in Partner Center),,,,,,,,,,,,,,,,,,,,,,,,,,,,,,,,,,,,,,,,,,,,,,,,
XboxScreenshot21,320,Relative path (or URL to file in Partner Center),,,,,,,,,,,,,,,,,,,,,,,,,,,,,,,,,,,,,,,,,,,,,,,,
XboxScreenshot22,321,Relative path (or URL to file in Partner Center),,,,,,,,,,,,,,,,,,,,,,,,,,,,,,,,,,,,,,,,,,,,,,,,
XboxScreenshot23,322,Relative path (or URL to file in Partner Center),,,,,,,,,,,,,,,,,,,,,,,,,,,,,,,,,,,,,,,,,,,,,,,,
XboxScreenshot24,323,Relative path (or URL to file in Partner Center),,,,,,,,,,,,,,,,,,,,,,,,,,,,,,,,,,,,,,,,,,,,,,,,
XboxScreenshot25,324,Relative path (or URL to file in Partner Center),,,,,,,,,,,,,,,,,,,,,,,,,,,,,,,,,,,,,,,,,,,,,,,,
XboxScreenshot26,325,Relative path (or URL to file in Partner Center),,,,,,,,,,,,,,,,,,,,,,,,,,,,,,,,,,,,,,,,,,,,,,,,
XboxScreenshot27,326,Relative path (or URL to file in Partner Center),,,,,,,,,,,,,,,,,,,,,,,,,,,,,,,,,,,,,,,,,,,,,,,,
XboxScreenshot28,327,Relative path (or URL to file in Partner Center),,,,,,,,,,,,,,,,,,,,,,,,,,,,,,,,,,,,,,,,,,,,,,,,
XboxScreenshot29,328,Relative path (or URL to file in Partner Center),,,,,,,,,,,,,,,,,,,,,,,,,,,,,,,,,,,,,,,,,,,,,,,,
XboxScreenshot30,329,Relative path (or URL to file in Partner Center),,,,,,,,,,,,,,,,,,,,,,,,,,,,,,,,,,,,,,,,,,,,,,,,
XboxScreenshotCaption1,350,Text,,,,,,,,,,,,,,,,,,,,,,,,,,,,,,,,,,,,,,,,,,,,,,,,
XboxScreenshotCaption2,351,Text,,,,,,,,,,,,,,,,,,,,,,,,,,,,,,,,,,,,,,,,,,,,,,,,
XboxScreenshotCaption3,352,Text,,,,,,,,,,,,,,,,,,,,,,,,,,,,,,,,,,,,,,,,,,,,,,,,
XboxScreenshotCaption4,353,Text,,,,,,,,,,,,,,,,,,,,,,,,,,,,,,,,,,,,,,,,,,,,,,,,
XboxScreenshotCaption5,354,Text,,,,,,,,,,,,,,,,,,,,,,,,,,,,,,,,,,,,,,,,,,,,,,,,
XboxScreenshotCaption6,355,Text,,,,,,,,,,,,,,,,,,,,,,,,,,,,,,,,,,,,,,,,,,,,,,,,
XboxScreenshotCaption7,356,Text,,,,,,,,,,,,,,,,,,,,,,,,,,,,,,,,,,,,,,,,,,,,,,,,
XboxScreenshotCaption8,357,Text,,,,,,,,,,,,,,,,,,,,,,,,,,,,,,,,,,,,,,,,,,,,,,,,
XboxScreenshotCaption9,358,Text,,,,,,,,,,,,,,,,,,,,,,,,,,,,,,,,,,,,,,,,,,,,,,,,
XboxScreenshotCaption10,359,Text,,,,,,,,,,,,,,,,,,,,,,,,,,,,,,,,,,,,,,,,,,,,,,,,
XboxScreenshotCaption11,360,Text,,,,,,,,,,,,,,,,,,,,,,,,,,,,,,,,,,,,,,,,,,,,,,,,
XboxScreenshotCaption12,361,Text,,,,,,,,,,,,,,,,,,,,,,,,,,,,,,,,,,,,,,,,,,,,,,,,
XboxScreenshotCaption13,362,Text,,,,,,,,,,,,,,,,,,,,,,,,,,,,,,,,,,,,,,,,,,,,,,,,
XboxScreenshotCaption14,363,Text,,,,,,,,,,,,,,,,,,,,,,,,,,,,,,,,,,,,,,,,,,,,,,,,
XboxScreenshotCaption15,364,Text,,,,,,,,,,,,,,,,,,,,,,,,,,,,,,,,,,,,,,,,,,,,,,,,
XboxScreenshotCaption16,365,Text,,,,,,,,,,,,,,,,,,,,,,,,,,,,,,,,,,,,,,,,,,,,,,,,
XboxScreenshotCaption17,366,Text,,,,,,,,,,,,,,,,,,,,,,,,,,,,,,,,,,,,,,,,,,,,,,,,
XboxScreenshotCaption18,367,Text,,,,,,,,,,,,,,,,,,,,,,,,,,,,,,,,,,,,,,,,,,,,,,,,
XboxScreenshotCaption19,368,Text,,,,,,,,,,,,,,,,,,,,,,,,,,,,,,,,,,,,,,,,,,,,,,,,
XboxScreenshotCaption20,369,Text,,,,,,,,,,,,,,,,,,,,,,,,,,,,,,,,,,,,,,,,,,,,,,,,
XboxScreenshotCaption21,370,Text,,,,,,,,,,,,,,,,,,,,,,,,,,,,,,,,,,,,,,,,,,,,,,,,
XboxScreenshotCaption22,371,Text,,,,,,,,,,,,,,,,,,,,,,,,,,,,,,,,,,,,,,,,,,,,,,,,
XboxScreenshotCaption23,372,Text,,,,,,,,,,,,,,,,,,,,,,,,,,,,,,,,,,,,,,,,,,,,,,,,
XboxScreenshotCaption24,373,Text,,,,,,,,,,,,,,,,,,,,,,,,,,,,,,,,,,,,,,,,,,,,,,,,
XboxScreenshotCaption25,374,Text,,,,,,,,,,,,,,,,,,,,,,,,,,,,,,,,,,,,,,,,,,,,,,,,
XboxScreenshotCaption26,375,Text,,,,,,,,,,,,,,,,,,,,,,,,,,,,,,,,,,,,,,,,,,,,,,,,
XboxScreenshotCaption27,376,Text,,,,,,,,,,,,,,,,,,,,,,,,,,,,,,,,,,,,,,,,,,,,,,,,
XboxScreenshotCaption28,377,Text,,,,,,,,,,,,,,,,,,,,,,,,,,,,,,,,,,,,,,,,,,,,,,,,
XboxScreenshotCaption29,378,Text,,,,,,,,,,,,,,,,,,,,,,,,,,,,,,,,,,,,,,,,,,,,,,,,
XboxScreenshotCaption30,379,Text,,,,,,,,,,,,,,,,,,,,,,,,,,,,,,,,,,,,,,,,,,,,,,,,
HolographicScreenshot1,400,Relative path (or URL to file in Partner Center),,,,,,,,,,,,,,,,,,,,,,,,,,,,,,,,,,,,,,,,,,,,,,,,
HolographicScreenshot2,401,Relative path (or URL to file in Partner Center),,,,,,,,,,,,,,,,,,,,,,,,,,,,,,,,,,,,,,,,,,,,,,,,
HolographicScreenshot3,402,Relative path (or URL to file in Partner Center),,,,,,,,,,,,,,,,,,,,,,,,,,,,,,,,,,,,,,,,,,,,,,,,
HolographicScreenshot4,403,Relative path (or URL to file in Partner Center),,,,,,,,,,,,,,,,,,,,,,,,,,,,,,,,,,,,,,,,,,,,,,,,
HolographicScreenshot5,404,Relative path (or URL to file in Partner Center),,,,,,,,,,,,,,,,,,,,,,,,,,,,,,,,,,,,,,,,,,,,,,,,
HolographicScreenshot6,405,Relative path (or URL to file in Partner Center),,,,,,,,,,,,,,,,,,,,,,,,,,,,,,,,,,,,,,,,,,,,,,,,
HolographicScreenshot7,406,Relative path (or URL to file in Partner Center),,,,,,,,,,,,,,,,,,,,,,,,,,,,,,,,,,,,,,,,,,,,,,,,
HolographicScreenshot8,407,Relative path (or URL to file in Partner Center),,,,,,,,,,,,,,,,,,,,,,,,,,,,,,,,,,,,,,,,,,,,,,,,
HolographicScreenshot9,408,Relative path (or URL to file in Partner Center),,,,,,,,,,,,,,,,,,,,,,,,,,,,,,,,,,,,,,,,,,,,,,,,
HolographicScreenshot10,409,Relative path (or URL to file in Partner Center),,,,,,,,,,,,,,,,,,,,,,,,,,,,,,,,,,,,,,,,,,,,,,,,
HolographicScreenshot11,410,Relative path (or URL to file in Partner Center),,,,,,,,,,,,,,,,,,,,,,,,,,,,,,,,,,,,,,,,,,,,,,,,
HolographicScreenshot12,411,Relative path (or URL to file in Partner Center),,,,,,,,,,,,,,,,,,,,,,,,,,,,,,,,,,,,,,,,,,,,,,,,
HolographicScreenshot13,412,Relative path (or URL to file in Partner Center),,,,,,,,,,,,,,,,,,,,,,,,,,,,,,,,,,,,,,,,,,,,,,,,
HolographicScreenshot14,413,Relative path (or URL to file in Partner Center),,,,,,,,,,,,,,,,,,,,,,,,,,,,,,,,,,,,,,,,,,,,,,,,
HolographicScreenshot15,414,Relative path (or URL to file in Partner Center),,,,,,,,,,,,,,,,,,,,,,,,,,,,,,,,,,,,,,,,,,,,,,,,
HolographicScreenshot16,415,Relative path (or URL to file in Partner Center),,,,,,,,,,,,,,,,,,,,,,,,,,,,,,,,,,,,,,,,,,,,,,,,
HolographicScreenshot17,416,Relative path (or URL to file in Partner Center),,,,,,,,,,,,,,,,,,,,,,,,,,,,,,,,,,,,,,,,,,,,,,,,
HolographicScreenshot18,417,Relative path (or URL to file in Partner Center),,,,,,,,,,,,,,,,,,,,,,,,,,,,,,,,,,,,,,,,,,,,,,,,
HolographicScreenshot19,418,Relative path (or URL to file in Partner Center),,,,,,,,,,,,,,,,,,,,,,,,,,,,,,,,,,,,,,,,,,,,,,,,
HolographicScreenshot20,419,Relative path (or URL to file in Partner Center),,,,,,,,,,,,,,,,,,,,,,,,,,,,,,,,,,,,,,,,,,,,,,,,
HolographicScreenshot21,420,Relative path (or URL to file in Partner Center),,,,,,,,,,,,,,,,,,,,,,,,,,,,,,,,,,,,,,,,,,,,,,,,
HolographicScreenshot22,421,Relative path (or URL to file in Partner Center),,,,,,,,,,,,,,,,,,,,,,,,,,,,,,,,,,,,,,,,,,,,,,,,
HolographicScreenshot23,422,Relative path (or URL to file in Partner Center),,,,,,,,,,,,,,,,,,,,,,,,,,,,,,,,,,,,,,,,,,,,,,,,
HolographicScreenshot24,423,Relative path (or URL to file in Partner Center),,,,,,,,,,,,,,,,,,,,,,,,,,,,,,,,,,,,,,,,,,,,,,,,
HolographicScreenshot25,424,Relative path (or URL to file in Partner Center),,,,,,,,,,,,,,,,,,,,,,,,,,,,,,,,,,,,,,,,,,,,,,,,
HolographicScreenshot26,425,Relative path (or URL to file in Partner Center),,,,,,,,,,,,,,,,,,,,,,,,,,,,,,,,,,,,,,,,,,,,,,,,
HolographicScreenshot27,426,Relative path (or URL to file in Partner Center),,,,,,,,,,,,,,,,,,,,,,,,,,,,,,,,,,,,,,,,,,,,,,,,
HolographicScreenshot28,427,Relative path (or URL to file in Partner Center),,,,,,,,,,,,,,,,,,,,,,,,,,,,,,,,,,,,,,,,,,,,,,,,
HolographicScreenshot29,428,Relative path (or URL to file in Partner Center),,,,,,,,,,,,,,,,,,,,,,,,,,,,,,,,,,,,,,,,,,,,,,,,
HolographicScreenshot30,429,Relative path (or URL to file in Partner Center),,,,,,,,,,,,,,,,,,,,,,,,,,,,,,,,,,,,,,,,,,,,,,,,
HolographicScreenshotCaption1,450,Text,,,,,,,,,,,,,,,,,,,,,,,,,,,,,,,,,,,,,,,,,,,,,,,,
HolographicScreenshotCaption2,451,Text,,,,,,,,,,,,,,,,,,,,,,,,,,,,,,,,,,,,,,,,,,,,,,,,
HolographicScreenshotCaption3,452,Text,,,,,,,,,,,,,,,,,,,,,,,,,,,,,,,,,,,,,,,,,,,,,,,,
HolographicScreenshotCaption4,453,Text,,,,,,,,,,,,,,,,,,,,,,,,,,,,,,,,,,,,,,,,,,,,,,,,
HolographicScreenshotCaption5,454,Text,,,,,,,,,,,,,,,,,,,,,,,,,,,,,,,,,,,,,,,,,,,,,,,,
HolographicScreenshotCaption6,455,Text,,,,,,,,,,,,,,,,,,,,,,,,,,,,,,,,,,,,,,,,,,,,,,,,
HolographicScreenshotCaption7,456,Text,,,,,,,,,,,,,,,,,,,,,,,,,,,,,,,,,,,,,,,,,,,,,,,,
HolographicScreenshotCaption8,457,Text,,,,,,,,,,,,,,,,,,,,,,,,,,,,,,,,,,,,,,,,,,,,,,,,
HolographicScreenshotCaption9,458,Text,,,,,,,,,,,,,,,,,,,,,,,,,,,,,,,,,,,,,,,,,,,,,,,,
HolographicScreenshotCaption10,459,Text,,,,,,,,,,,,,,,,,,,,,,,,,,,,,,,,,,,,,,,,,,,,,,,,
HolographicScreenshotCaption11,460,Text,,,,,,,,,,,,,,,,,,,,,,,,,,,,,,,,,,,,,,,,,,,,,,,,
HolographicScreenshotCaption12,461,Text,,,,,,,,,,,,,,,,,,,,,,,,,,,,,,,,,,,,,,,,,,,,,,,,
HolographicScreenshotCaption13,462,Text,,,,,,,,,,,,,,,,,,,,,,,,,,,,,,,,,,,,,,,,,,,,,,,,
HolographicScreenshotCaption14,463,Text,,,,,,,,,,,,,,,,,,,,,,,,,,,,,,,,,,,,,,,,,,,,,,,,
HolographicScreenshotCaption15,464,Text,,,,,,,,,,,,,,,,,,,,,,,,,,,,,,,,,,,,,,,,,,,,,,,,
HolographicScreenshotCaption16,465,Text,,,,,,,,,,,,,,,,,,,,,,,,,,,,,,,,,,,,,,,,,,,,,,,,
HolographicScreenshotCaption17,466,Text,,,,,,,,,,,,,,,,,,,,,,,,,,,,,,,,,,,,,,,,,,,,,,,,
HolographicScreenshotCaption18,467,Text,,,,,,,,,,,,,,,,,,,,,,,,,,,,,,,,,,,,,,,,,,,,,,,,
HolographicScreenshotCaption19,468,Text,,,,,,,,,,,,,,,,,,,,,,,,,,,,,,,,,,,,,,,,,,,,,,,,
HolographicScreenshotCaption20,469,Text,,,,,,,,,,,,,,,,,,,,,,,,,,,,,,,,,,,,,,,,,,,,,,,,
HolographicScreenshotCaption21,470,Text,,,,,,,,,,,,,,,,,,,,,,,,,,,,,,,,,,,,,,,,,,,,,,,,
HolographicScreenshotCaption22,471,Text,,,,,,,,,,,,,,,,,,,,,,,,,,,,,,,,,,,,,,,,,,,,,,,,
HolographicScreenshotCaption23,472,Text,,,,,,,,,,,,,,,,,,,,,,,,,,,,,,,,,,,,,,,,,,,,,,,,
HolographicScreenshotCaption24,473,Text,,,,,,,,,,,,,,,,,,,,,,,,,,,,,,,,,,,,,,,,,,,,,,,,
HolographicScreenshotCaption25,474,Text,,,,,,,,,,,,,,,,,,,,,,,,,,,,,,,,,,,,,,,,,,,,,,,,
HolographicScreenshotCaption26,475,Text,,,,,,,,,,,,,,,,,,,,,,,,,,,,,,,,,,,,,,,,,,,,,,,,
HolographicScreenshotCaption27,476,Text,,,,,,,,,,,,,,,,,,,,,,,,,,,,,,,,,,,,,,,,,,,,,,,,
HolographicScreenshotCaption28,477,Text,,,,,,,,,,,,,,,,,,,,,,,,,,,,,,,,,,,,,,,,,,,,,,,,
HolographicScreenshotCaption29,478,Text,,,,,,,,,,,,,,,,,,,,,,,,,,,,,,,,,,,,,,,,,,,,,,,,
HolographicScreenshotCaption30,479,Text,,,,,,,,,,,,,,,,,,,,,,,,,,,,,,,,,,,,,,,,,,,,,,,,
SurfaceHubScreenshot11,510,Relative path (or URL to file in Partner Center),,,,,,,,,,,,,,,,,,,,,,,,,,,,,,,,,,,,,,,,,,,,,,,,
SurfaceHubScreenshot12,511,Relative path (or URL to file in Partner Center),,,,,,,,,,,,,,,,,,,,,,,,,,,,,,,,,,,,,,,,,,,,,,,,
SurfaceHubScreenshot13,512,Relative path (or URL to file in Partner Center),,,,,,,,,,,,,,,,,,,,,,,,,,,,,,,,,,,,,,,,,,,,,,,,
SurfaceHubScreenshot14,513,Relative path (or URL to file in Partner Center),,,,,,,,,,,,,,,,,,,,,,,,,,,,,,,,,,,,,,,,,,,,,,,,
SurfaceHubScreenshot15,514,Relative path (or URL to file in Partner Center),,,,,,,,,,,,,,,,,,,,,,,,,,,,,,,,,,,,,,,,,,,,,,,,
SurfaceHubScreenshot16,515,Relative path (or URL to file in Partner Center),,,,,,,,,,,,,,,,,,,,,,,,,,,,,,,,,,,,,,,,,,,,,,,,
SurfaceHubScreenshot17,516,Relative path (or URL to file in Partner Center),,,,,,,,,,,,,,,,,,,,,,,,,,,,,,,,,,,,,,,,,,,,,,,,
SurfaceHubScreenshot18,517,Relative path (or URL to file in Partner Center),,,,,,,,,,,,,,,,,,,,,,,,,,,,,,,,,,,,,,,,,,,,,,,,
SurfaceHubScreenshot19,518,Relative path (or URL to file in Partner Center),,,,,,,,,,,,,,,,,,,,,,,,,,,,,,,,,,,,,,,,,,,,,,,,
SurfaceHubScreenshot20,519,Relative path (or URL to file in Partner Center),,,,,,,,,,,,,,,,,,,,,,,,,,,,,,,,,,,,,,,,,,,,,,,,
SurfaceHubScreenshot21,520,Relative path (or URL to file in Partner Center),,,,,,,,,,,,,,,,,,,,,,,,,,,,,,,,,,,,,,,,,,,,,,,,
SurfaceHubScreenshot22,521,Relative path (or URL to file in Partner Center),,,,,,,,,,,,,,,,,,,,,,,,,,,,,,,,,,,,,,,,,,,,,,,,
SurfaceHubScreenshot23,522,Relative path (or URL to file in Partner Center),,,,,,,,,,,,,,,,,,,,,,,,,,,,,,,,,,,,,,,,,,,,,,,,
SurfaceHubScreenshot24,523,Relative path (or URL to file in Partner Center),,,,,,,,,,,,,,,,,,,,,,,,,,,,,,,,,,,,,,,,,,,,,,,,
SurfaceHubScreenshot25,524,Relative path (or URL to file in Partner Center),,,,,,,,,,,,,,,,,,,,,,,,,,,,,,,,,,,,,,,,,,,,,,,,
SurfaceHubScreenshot26,525,Relative path (or URL to file in Partner Center),,,,,,,,,,,,,,,,,,,,,,,,,,,,,,,,,,,,,,,,,,,,,,,,
SurfaceHubScreenshot27,526,Relative path (or URL to file in Partner Center),,,,,,,,,,,,,,,,,,,,,,,,,,,,,,,,,,,,,,,,,,,,,,,,
SurfaceHubScreenshot28,527,Relative path (or URL to file in Partner Center),,,,,,,,,,,,,,,,,,,,,,,,,,,,,,,,,,,,,,,,,,,,,,,,
SurfaceHubScreenshot29,528,Relative path (or URL to file in Partner Center),,,,,,,,,,,,,,,,,,,,,,,,,,,,,,,,,,,,,,,,,,,,,,,,
SurfaceHubScreenshot30,529,Relative path (or URL to file in Partner Center),,,,,,,,,,,,,,,,,,,,,,,,,,,,,,,,,,,,,,,,,,,,,,,,
SurfaceHubScreenshotCaption11,560,Text,,,,,,,,,,,,,,,,,,,,,,,,,,,,,,,,,,,,,,,,,,,,,,,,
SurfaceHubScreenshotCaption12,561,Text,,,,,,,,,,,,,,,,,,,,,,,,,,,,,,,,,,,,,,,,,,,,,,,,
SurfaceHubScreenshotCaption13,562,Text,,,,,,,,,,,,,,,,,,,,,,,,,,,,,,,,,,,,,,,,,,,,,,,,
SurfaceHubScreenshotCaption14,563,Text,,,,,,,,,,,,,,,,,,,,,,,,,,,,,,,,,,,,,,,,,,,,,,,,
SurfaceHubScreenshotCaption15,564,Text,,,,,,,,,,,,,,,,,,,,,,,,,,,,,,,,,,,,,,,,,,,,,,,,
SurfaceHubScreenshotCaption16,565,Text,,,,,,,,,,,,,,,,,,,,,,,,,,,,,,,,,,,,,,,,,,,,,,,,
SurfaceHubScreenshotCaption17,566,Text,,,,,,,,,,,,,,,,,,,,,,,,,,,,,,,,,,,,,,,,,,,,,,,,
SurfaceHubScreenshotCaption18,567,Text,,,,,,,,,,,,,,,,,,,,,,,,,,,,,,,,,,,,,,,,,,,,,,,,
SurfaceHubScreenshotCaption19,568,Text,,,,,,,,,,,,,,,,,,,,,,,,,,,,,,,,,,,,,,,,,,,,,,,,
SurfaceHubScreenshotCaption20,569,Text,,,,,,,,,,,,,,,,,,,,,,,,,,,,,,,,,,,,,,,,,,,,,,,,
SurfaceHubScreenshotCaption21,570,Text,,,,,,,,,,,,,,,,,,,,,,,,,,,,,,,,,,,,,,,,,,,,,,,,
SurfaceHubScreenshotCaption22,571,Text,,,,,,,,,,,,,,,,,,,,,,,,,,,,,,,,,,,,,,,,,,,,,,,,
SurfaceHubScreenshotCaption23,572,Text,,,,,,,,,,,,,,,,,,,,,,,,,,,,,,,,,,,,,,,,,,,,,,,,
SurfaceHubScreenshotCaption24,573,Text,,,,,,,,,,,,,,,,,,,,,,,,,,,,,,,,,,,,,,,,,,,,,,,,
SurfaceHubScreenshotCaption25,574,Text,,,,,,,,,,,,,,,,,,,,,,,,,,,,,,,,,,,,,,,,,,,,,,,,
SurfaceHubScreenshotCaption26,575,Text,,,,,,,,,,,,,,,,,,,,,,,,,,,,,,,,,,,,,,,,,,,,,,,,
SurfaceHubScreenshotCaption27,576,Text,,,,,,,,,,,,,,,,,,,,,,,,,,,,,,,,,,,,,,,,,,,,,,,,
SurfaceHubScreenshotCaption28,577,Text,,,,,,,,,,,,,,,,,,,,,,,,,,,,,,,,,,,,,,,,,,,,,,,,
SurfaceHubScreenshotCaption29,578,Text,,,,,,,,,,,,,,,,,,,,,,,,,,,,,,,,,,,,,,,,,,,,,,,,
SurfaceHubScreenshotCaption30,579,Text,,,,,,,,,,,,,,,,,,,,,,,,,,,,,,,,,,,,,,,,,,,,,,,,
StoreLogo720x1080,600,Relative path (or URL to file in Partner Center),,,,,,,,,,,,,,,,,,,,,,,,,,,,,,,,,,,,,,,,,,,,,,,,
StoreLogo1080x1080,601,Relative path (or URL to file in Partner Center),,,,,,,,,,,,,,,,,,,,,,,,,,,,,,,,,,,,,,,,,,,,,,,,
StoreLogo300x300,602,Relative path (or URL to file in Partner Center),,,,,,,,,,,,,,,,,,,,,,,,,,,,,,,,,,,,,,,,,,,,,,,,
OverrideLogosForWin10,603,True/False,,False,False,False,False,False,False,False,False,False,False,False,False,False,False,False,False,False,False,False,False,False,False,False,False,False,False,False,False,False,False,False,False,False,False,False,False,False,False,False,False,False,False,False,False,False,False,False
StoreLogoOverride150x150,604,Relative path (or URL to file in Partner Center),,,,,,,,,,,,,,,,,,,,,,,,,,,,,,,,,,,,,,,,,,,,,,,,
StoreLogoOverride71x71,605,Relative path (or URL to file in Partner Center),,,,,,,,,,,,,,,,,,,,,,,,,,,,,,,,,,,,,,,,,,,,,,,,
PromoImage1920x1080,606,Relative path (or URL to file in Partner Center),,,,,,,,,,,,,,,,,,,,,,,,,,,,,,,,,,,,,,,,,,,,,,,,
PromoImage2400x1200,607,Relative path (or URL to file in Partner Center),,,,,,,,,,,,,,,,,,,,,,,,,,,,,,,,,,,,,,,,,,,,,,,,
XboxBrandedKeyArt584x800,608,Relative path (or URL to file in Partner Center),,,,,,,,,,,,,,,,,,,,,,,,,,,,,,,,,,,,,,,,,,,,,,,,
XboxTitledHero1920x1080,609,Relative path (or URL to file in Partner Center),,,,,,,,,,,,,,,,,,,,,,,,,,,,,,,,,,,,,,,,,,,,,,,,
XboxFeaturedPromo1080x1080,610,Relative path (or URL to file in Partner Center),,,,,,,,,,,,,,,,,,,,,,,,,,,,,,,,,,,,,,,,,,,,,,,,
OptionalPromo358x358,611,Relative path (or URL to file in Partner Center),,,,,,,,,,,,,,,,,,,,,,,,,,,,,,,,,,,,,,,,,,,,,,,,
OptionalPromo1000x800,612,Relative path (or URL to file in Partner Center),,,,,,,,,,,,,,,,,,,,,,,,,,,,,,,,,,,,,,,,,,,,,,,,
OptionalPromo414x180,613,Relative path (or URL to file in Partner Center),,,,,,,,,,,,,,,,,,,,,,,,,,,,,,,,,,,,,,,,,,,,,,,,
Feature1,700,Text,,Compare live carrier rates and buy shipping labels,,,,,,,,,,,,,,,,,,,,,,,,,,,,,,,,,,,,,,,,,,,,,,
Feature2,701,Text,,,,,,,,,,,,,,,,,,,,,,,,,,,,,,,,,,,,,,,,,,,,,,,,
Feature3,702,Text,,,,,,,,,,,,,,,,,,,,,,,,,,,,,,,,,,,,,,,,,,,,,,,,
Feature4,703,Text,,,,,,,,,,,,,,,,,,,,,,,,,,,,,,,,,,,,,,,,,,,,,,,,
Feature5,704,Text,,,,,,,,,,,,,,,,,,,,,,,,,,,,,,,,,,,,,,,,,,,,,,,,
Feature6,705,Text,,,,,,,,,,,,,,,,,,,,,,,,,,,,,,,,,,,,,,,,,,,,,,,,
Feature7,706,Text,,,,,,,,,,,,,,,,,,,,,,,,,,,,,,,,,,,,,,,,,,,,,,,,
Feature8,707,Text,,,,,,,,,,,,,,,,,,,,,,,,,,,,,,,,,,,,,,,,,,,,,,,,
Feature9,708,Text,,,,,,,,,,,,,,,,,,,,,,,,,,,,,,,,,,,,,,,,,,,,,,,,
Feature10,709,Text,,,,,,,,,,,,,,,,,,,,,,,,,,,,,,,,,,,,,,,,,,,,,,,,
Feature11,710,Text,,,,,,,,,,,,,,,,,,,,,,,,,,,,,,,,,,,,,,,,,,,,,,,,
Feature12,711,Text,,,,,,,,,,,,,,,,,,,,,,,,,,,,,,,,,,,,,,,,,,,,,,,,
Feature13,712,Text,,,,,,,,,,,,,,,,,,,,,,,,,,,,,,,,,,,,,,,,,,,,,,,,
Feature14,713,Text,,,,,,,,,,,,,,,,,,,,,,,,,,,,,,,,,,,,,,,,,,,,,,,,
Feature15,714,Text,,,,,,,,,,,,,,,,,,,,,,,,,,,,,,,,,,,,,,,,,,,,,,,,
Feature16,715,Text,,,,,,,,,,,,,,,,,,,,,,,,,,,,,,,,,,,,,,,,,,,,,,,,
Feature17,716,Text,,,,,,,,,,,,,,,,,,,,,,,,,,,,,,,,,,,,,,,,,,,,,,,,
Feature18,717,Text,,,,,,,,,,,,,,,,,,,,,,,,,,,,,,,,,,,,,,,,,,,,,,,,
Feature19,718,Text,,,,,,,,,,,,,,,,,,,,,,,,,,,,,,,,,,,,,,,,,,,,,,,,
Feature20,719,Text,,,,,,,,,,,,,,,,,,,,,,,,,,,,,,,,,,,,,,,,,,,,,,,,
MinimumHardwareReq1,800,Text,,,,,,,,,,,,,,,,,,,,,,,,,,,,,,,,,,,,,,,,,,,,,,,,
MinimumHardwareReq2,801,Text,,,,,,,,,,,,,,,,,,,,,,,,,,,,,,,,,,,,,,,,,,,,,,,,
MinimumHardwareReq3,802,Text,,,,,,,,,,,,,,,,,,,,,,,,,,,,,,,,,,,,,,,,,,,,,,,,
MinimumHardwareReq4,803,Text,,,,,,,,,,,,,,,,,,,,,,,,,,,,,,,,,,,,,,,,,,,,,,,,
MinimumHardwareReq5,804,Text,,,,,,,,,,,,,,,,,,,,,,,,,,,,,,,,,,,,,,,,,,,,,,,,
MinimumHardwareReq6,805,Text,,,,,,,,,,,,,,,,,,,,,,,,,,,,,,,,,,,,,,,,,,,,,,,,
MinimumHardwareReq7,806,Text,,,,,,,,,,,,,,,,,,,,,,,,,,,,,,,,,,,,,,,,,,,,,,,,
MinimumHardwareReq8,807,Text,,,,,,,,,,,,,,,,,,,,,,,,,,,,,,,,,,,,,,,,,,,,,,,,
MinimumHardwareReq9,808,Text,,,,,,,,,,,,,,,,,,,,,,,,,,,,,,,,,,,,,,,,,,,,,,,,
MinimumHardwareReq10,809,Text,,,,,,,,,,,,,,,,,,,,,,,,,,,,,,,,,,,,,,,,,,,,,,,,
MinimumHardwareReq11,810,Text,,,,,,,,,,,,,,,,,,,,,,,,,,,,,,,,,,,,,,,,,,,,,,,,
RecommendedHardwareReq1,850,Text,,,,,,,,,,,,,,,,,,,,,,,,,,,,,,,,,,,,,,,,,,,,,,,,
RecommendedHardwareReq2,851,Text,,,,,,,,,,,,,,,,,,,,,,,,,,,,,,,,,,,,,,,,,,,,,,,,
RecommendedHardwareReq3,852,Text,,,,,,,,,,,,,,,,,,,,,,,,,,,,,,,,,,,,,,,,,,,,,,,,
RecommendedHardwareReq4,853,Text,,,,,,,,,,,,,,,,,,,,,,,,,,,,,,,,,,,,,,,,,,,,,,,,
RecommendedHardwareReq5,854,Text,,,,,,,,,,,,,,,,,,,,,,,,,,,,,,,,,,,,,,,,,,,,,,,,
RecommendedHardwareReq6,855,Text,,,,,,,,,,,,,,,,,,,,,,,,,,,,,,,,,,,,,,,,,,,,,,,,
RecommendedHardwareReq7,856,Text,,,,,,,,,,,,,,,,,,,,,,,,,,,,,,,,,,,,,,,,,,,,,,,,
RecommendedHardwareReq8,857,Text,,,,,,,,,,,,,,,,,,,,,,,,,,,,,,,,,,,,,,,,,,,,,,,,
RecommendedHardwareReq9,858,Text,,,,,,,,,,,,,,,,,,,,,,,,,,,,,,,,,,,,,,,,,,,,,,,,
RecommendedHardwareReq10,859,Text,,,,,,,,,,,,,,,,,,,,,,,,,,,,,,,,,,,,,,,,,,,,,,,,
RecommendedHardwareReq11,860,Text,,,,,,,,,,,,,,,,,,,,,,,,,,,,,,,,,,,,,,,,,,,,,,,,
SearchTerm1,900,Text,,,,,,,,,,,,,,,,,,,,,,,,,,,,,,,,,,,,,,,,,,,,,,,,
SearchTerm2,901,Text,,,,,,,,,,,,,,,,,,,,,,,,,,,,,,,,,,,,,,,,,,,,,,,,
SearchTerm3,902,Text,,,,,,,,,,,,,,,,,,,,,,,,,,,,,,,,,,,,,,,,,,,,,,,,
SearchTerm4,903,Text,,,,,,,,,,,,,,,,,,,,,,,,,,,,,,,,,,,,,,,,,,,,,,,,
SearchTerm5,904,Text,,,,,,,,,,,,,,,,,,,,,,,,,,,,,,,,,,,,,,,,,,,,,,,,
SearchTerm6,905,Text,,,,,,,,,,,,,,,,,,,,,,,,,,,,,,,,,,,,,,,,,,,,,,,,
SearchTerm7,906,Text,,,,,,,,,,,,,,,,,,,,,,,,,,,,,,,,,,,,,,,,,,,,,,,,
TrailerToPlayAtTopOfListing,999,Relative path (or URL to file in Partner Center),,,,,,,,,,,,,,,,,,,,,,,,,,,,,,,,,,,,,,,,,,,,,,,,
Trailer1,1000,Relative path (or URL to file in Partner Center),,,,,,,,,,,,,,,,,,,,,,,,,,,,,,,,,,,,,,,,,,,,,,,,
Trailer2,1001,Relative path (or URL to file in Partner Center),,,,,,,,,,,,,,,,,,,,,,,,,,,,,,,,,,,,,,,,,,,,,,,,
Trailer3,1002,Relative path (or URL to file in Partner Center),,,,,,,,,,,,,,,,,,,,,,,,,,,,,,,,,,,,,,,,,,,,,,,,
Trailer4,1003,Relative path (or URL to file in Partner Center),,,,,,,,,,,,,,,,,,,,,,,,,,,,,,,,,,,,,,,,,,,,,,,,
Trailer5,1004,Relative path (or URL to file in Partner Center),,,,,,,,,,,,,,,,,,,,,,,,,,,,,,,,,,,,,,,,,,,,,,,,
Trailer6,1005,Relative path (or URL to file in Partner Center),,,,,,,,,,,,,,,,,,,,,,,,,,,,,,,,,,,,,,,,,,,,,,,,
Trailer7,1006,Relative path (or URL to file in Partner Center),,,,,,,,,,,,,,,,,,,,,,,,,,,,,,,,,,,,,,,,,,,,,,,,
Trailer8,1007,Relative path (or URL to file in Partner Center),,,,,,,,,,,,,,,,,,,,,,,,,,,,,,,,,,,,,,,,,,,,,,,,
Trailer9,1008,Relative path (or URL to file in Partner Center),,,,,,,,,,,,,,,,,,,,,,,,,,,,,,,,,,,,,,,,,,,,,,,,
Trailer10,1009,Relative path (or URL to file in Partner Center),,,,,,,,,,,,,,,,,,,,,,,,,,,,,,,,,,,,,,,,,,,,,,,,
Trailer11,1010,Relative path (or URL to file in Partner Center),,,,,,,,,,,,,,,,,,,,,,,,,,,,,,,,,,,,,,,,,,,,,,,,
Trailer12,1011,Relative path (or URL to file in Partner Center),,,,,,,,,,,,,,,,,,,,,,,,,,,,,,,,,,,,,,,,,,,,,,,,
Trailer13,1012,Relative path (or URL to file in Partner Center),,,,,,,,,,,,,,,,,,,,,,,,,,,,,,,,,,,,,,,,,,,,,,,,
Trailer14,1013,Relative path (or URL to file in Partner Center),,,,,,,,,,,,,,,,,,,,,,,,,,,,,,,,,,,,,,,,,,,,,,,,
Trailer15,1014,Relative path (or URL to file in Partner Center),,,,,,,,,,,,,,,,,,,,,,,,,,,,,,,,,,,,,,,,,,,,,,,,
TrailerTitle1,1020,Text,,,,,,,,,,,,,,,,,,,,,,,,,,,,,,,,,,,,,,,,,,,,,,,,
TrailerTitle2,1021,Text,,,,,,,,,,,,,,,,,,,,,,,,,,,,,,,,,,,,,,,,,,,,,,,,
TrailerTitle3,1022,Text,,,,,,,,,,,,,,,,,,,,,,,,,,,,,,,,,,,,,,,,,,,,,,,,
TrailerTitle4,1023,Text,,,,,,,,,,,,,,,,,,,,,,,,,,,,,,,,,,,,,,,,,,,,,,,,
TrailerTitle5,1024,Text,,,,,,,,,,,,,,,,,,,,,,,,,,,,,,,,,,,,,,,,,,,,,,,,
TrailerTitle6,1025,Text,,,,,,,,,,,,,,,,,,,,,,,,,,,,,,,,,,,,,,,,,,,,,,,,
TrailerTitle7,1026,Text,,,,,,,,,,,,,,,,,,,,,,,,,,,,,,,,,,,,,,,,,,,,,,,,
TrailerTitle8,1027,Text,,,,,,,,,,,,,,,,,,,,,,,,,,,,,,,,,,,,,,,,,,,,,,,,
TrailerTitle9,1028,Text,,,,,,,,,,,,,,,,,,,,,,,,,,,,,,,,,,,,,,,,,,,,,,,,
TrailerTitle10,1029,Text,,,,,,,,,,,,,,,,,,,,,,,,,,,,,,,,,,,,,,,,,,,,,,,,
TrailerTitle11,1030,Text,,,,,,,,,,,,,,,,,,,,,,,,,,,,,,,,,,,,,,,,,,,,,,,,
TrailerTitle12,1031,Text,,,,,,,,,,,,,,,,,,,,,,,,,,,,,,,,,,,,,,,,,,,,,,,,
TrailerTitle13,1032,Text,,,,,,,,,,,,,,,,,,,,,,,,,,,,,,,,,,,,,,,,,,,,,,,,
TrailerTitle14,1033,Text,,,,,,,,,,,,,,,,,,,,,,,,,,,,,,,,,,,,,,,,,,,,,,,,
TrailerTitle15,1034,Text,,,,,,,,,,,,,,,,,,,,,,,,,,,,,,,,,,,,,,,,,,,,,,,,
TrailerThumbnail1,1040,Relative path (or URL to file in Partner Center),,,,,,,,,,,,,,,,,,,,,,,,,,,,,,,,,,,,,,,,,,,,,,,,
TrailerThumbnail2,1041,Relative path (or URL to file in Partner Center),,,,,,,,,,,,,,,,,,,,,,,,,,,,,,,,,,,,,,,,,,,,,,,,
TrailerThumbnail3,1042,Relative path (or URL to file in Partner Center),,,,,,,,,,,,,,,,,,,,,,,,,,,,,,,,,,,,,,,,,,,,,,,,
TrailerThumbnail4,1043,Relative path (or URL to file in Partner Center),,,,,,,,,,,,,,,,,,,,,,,,,,,,,,,,,,,,,,,,,,,,,,,,
TrailerThumbnail5,1044,Relative path (or URL to file in Partner Center),,,,,,,,,,,,,,,,,,,,,,,,,,,,,,,,,,,,,,,,,,,,,,,,
TrailerThumbnail6,1045,Relative path (or URL to file in Partner Center),,,,,,,,,,,,,,,,,,,,,,,,,,,,,,,,,,,,,,,,,,,,,,,,
TrailerThumbnail7,1046,Relative path (or URL to file in Partner Center),,,,,,,,,,,,,,,,,,,,,,,,,,,,,,,,,,,,,,,,,,,,,,,,
TrailerThumbnail8,1047,Relative path (or URL to file in Partner Center),,,,,,,,,,,,,,,,,,,,,,,,,,,,,,,,,,,,,,,,,,,,,,,,
TrailerThumbnail9,1048,Relative path (or URL to file in Partner Center),,,,,,,,,,,,,,,,,,,,,,,,,,,,,,,,,,,,,,,,,,,,,,,,
TrailerThumbnail10,1049,Relative path (or URL to file in Partner Center),,,,,,,,,,,,,,,,,,,,,,,,,,,,,,,,,,,,,,,,,,,,,,,,
TrailerThumbnail11,1050,Relative path (or URL to file in Partner Center),,,,,,,,,,,,,,,,,,,,,,,,,,,,,,,,,,,,,,,,,,,,,,,,
TrailerThumbnail12,1051,Relative path (or URL to file in Partner Center),,,,,,,,,,,,,,,,,,,,,,,,,,,,,,,,,,,,,,,,,,,,,,,,
TrailerThumbnail13,1052,Relative path (or URL to file in Partner Center),,,,,,,,,,,,,,,,,,,,,,,,,,,,,,,,,,,,,,,,,,,,,,,,
TrailerThumbnail14,1053,Relative path (or URL to file in Partner Center),,,,,,,,,,,,,,,,,,,,,,,,,,,,,,,,,,,,,,,,,,,,,,,,
TrailerThumbnail15,1054,Relative path (or URL to file in Partner Center),,,,,,,,,,,,,,,,,,,,,,,,,,,,,,,,,,,,,,,,,,,,,,,,
TrailerClosedCaption1,1055,Relative path (or URL to file in Partner Center),,,,,,,,,,,,,,,,,,,,,,,,,,,,,,,,,,,,,,,,,,,,,,,,
TrailerClosedCaption2,1056,Relative path (or URL to file in Partner Center),,,,,,,,,,,,,,,,,,,,,,,,,,,,,,,,,,,,,,,,,,,,,,,,
TrailerClosedCaption3,1057,Relative path (or URL to file in Partner Center),,,,,,,,,,,,,,,,,,,,,,,,,,,,,,,,,,,,,,,,,,,,,,,,
TrailerClosedCaption4,1058,Relative path (or URL to file in Partner Center),,,,,,,,,,,,,,,,,,,,,,,,,,,,,,,,,,,,,,,,,,,,,,,,
TrailerClosedCaption5,1059,Relative path (or URL to file in Partner Center),,,,,,,,,,,,,,,,,,,,,,,,,,,,,,,,,,,,,,,,,,,,,,,,
TrailerClosedCaption6,1060,Relative path (or URL to file in Partner Center),,,,,,,,,,,,,,,,,,,,,,,,,,,,,,,,,,,,,,,,,,,,,,,,
TrailerClosedCaption7,1061,Relative path (or URL to file in Partner Center),,,,,,,,,,,,,,,,,,,,,,,,,,,,,,,,,,,,,,,,,,,,,,,,
TrailerClosedCaption8,1062,Relative path (or URL to file in Partner Center),,,,,,,,,,,,,,,,,,,,,,,,,,,,,,,,,,,,,,,,,,,,,,,,
TrailerClosedCaption9,1063,Relative path (or URL to file in Partner Center),,,,,,,,,,,,,,,,,,,,,,,,,,,,,,,,,,,,,,,,,,,,,,,,
TrailerClosedCaption10,1064,Relative path (or URL to file in Partner Center),,,,,,,,,,,,,,,,,,,,,,,,,,,,,,,,,,,,,,,,,,,,,,,,
TrailerClosedCaption11,1065,Relative path (or URL to file in Partner Center),,,,,,,,,,,,,,,,,,,,,,,,,,,,,,,,,,,,,,,,,,,,,,,,
TrailerClosedCaption12,1066,Relative path (or URL to file in Partner Center),,,,,,,,,,,,,,,,,,,,,,,,,,,,,,,,,,,,,,,,,,,,,,,,
TrailerClosedCaption13,1067,Relative path (or URL to file in Partner Center),,,,,,,,,,,,,,,,,,,,,,,,,,,,,,,,,,,,,,,,,,,,,,,,
TrailerClosedCaption14,1068,Relative path (or URL to file in Partner Center),,,,,,,,,,,,,,,,,,,,,,,,,,,,,,,,,,,,,,,,,,,,,,,,
TrailerClosedCaption15,1069,Relative path (or URL to file in Partner Center),,,,,,,,,,,,,,,,,,,,,,,,,,,,,,,,,,,,,,,,,,,,,,,,
TrailerAudioDescription1,1070,Relative path (or URL to file in Partner Center),,,,,,,,,,,,,,,,,,,,,,,,,,,,,,,,,,,,,,,,,,,,,,,,
TrailerAudioDescription2,1071,Relative path (or URL to file in Partner Center),,,,,,,,,,,,,,,,,,,,,,,,,,,,,,,,,,,,,,,,,,,,,,,,
TrailerAudioDescription3,1072,Relative path (or URL to file in Partner Center),,,,,,,,,,,,,,,,,,,,,,,,,,,,,,,,,,,,,,,,,,,,,,,,
TrailerAudioDescription4,1073,Relative path (or URL to file in Partner Center),,,,,,,,,,,,,,,,,,,,,,,,,,,,,,,,,,,,,,,,,,,,,,,,
TrailerAudioDescription5,1074,Relative path (or URL to file in Partner Center),,,,,,,,,,,,,,,,,,,,,,,,,,,,,,,,,,,,,,,,,,,,,,,,
TrailerAudioDescription6,1075,Relative path (or URL to file in Partner Center),,,,,,,,,,,,,,,,,,,,,,,,,,,,,,,,,,,,,,,,,,,,,,,,
TrailerAudioDescription7,1076,Relative path (or URL to file in Partner Center),,,,,,,,,,,,,,,,,,,,,,,,,,,,,,,,,,,,,,,,,,,,,,,,
TrailerAudioDescription8,1077,Relative path (or URL to file in Partner Center),,,,,,,,,,,,,,,,,,,,,,,,,,,,,,,,,,,,,,,,,,,,,,,,
TrailerAudioDescription9,1078,Relative path (or URL to file in Partner Center),,,,,,,,,,,,,,,,,,,,,,,,,,,,,,,,,,,,,,,,,,,,,,,,
TrailerAudioDescription10,1079,Relative path (or URL to file in Partner Center),,,,,,,,,,,,,,,,,,,,,,,,,,,,,,,,,,,,,,,,,,,,,,,,
TrailerAudioDescription11,1080,Relative path (or URL to file in Partner Center),,,,,,,,,,,,,,,,,,,,,,,,,,,,,,,,,,,,,,,,,,,,,,,,
TrailerAudioDescription12,1081,Relative path (or URL to file in Partner Center),,,,,,,,,,,,,,,,,,,,,,,,,,,,,,,,,,,,,,,,,,,,,,,,
TrailerAudioDescription13,1082,Relative path (or URL to file in Partner Center),,,,,,,,,,,,,,,,,,,,,,,,,,,,,,,,,,,,,,,,,,,,,,,,
TrailerAudioDescription14,1083,Relative path (or URL to file in Partner Center),,,,,,,,,,,,,,,,,,,,,,,,,,,,,,,,,,,,,,,,,,,,,,,,
TrailerAudioDescription15,1084,Relative path (or URL to file in Partner Center),,,,,,,,,,,,,,,,,,,,,,,,,,,,,,,,,,,,,,,,,,,,,,,,
,,,,,,,,,,,,,,,,,,,,,,,,,,,,,,,,,,,,,,,,,,,,,,,,,,
,,,,,,,,,,,,,,,,,,,,,,,,,,,,,,,,,,,,,,,,,,,,,,,,,,
,,,,,,,,,,,,,,,,,,,,,,,,,,,,,,,,,,,,,,,,,,,,,,,,,,
,,,,,,,,,,,,,,,,,,,,,,,,,,,,,,,,,,,,,,,,,,,,,,,,,,
,,,,,,,,,,,,,,,,,,,,,,,,,,,,,,,,,,,,,,,,,,,,,,,,,,
,,,,,,,,,,,,,,,,,,,,,,,,,,,,,,,,,,,,,,,,,,,,,,,,,,
,,,,,,,,,,,,,,,,,,,,,,,,,,,,,,,,,,,,,,,,,,,,,,,,,,
,,,,,,,,,,,,,,,,,,,,,,,,,,,,,,,,,,,,,,,,,,,,,,,,,,
,,,,,,,,,,,,,,,,,,,,,,,,,,,,,,,,,,,,,,,,,,,,,,,,,,
,,,,,,,,,,,,,,,,,,,,,,,,,,,,,,,,,,,,,,,,,,,,,,,,,,
,,,,,,,,,,,,,,,,,,,,,,,,,,,,,,,,,,,,,,,,,,,,,,,,,,
,,,,,,,,,,,,,,,,,,,,,,,,,,,,,,,,,,,,,,,,,,,,,,,,,,
,,,,,,,,,,,,,,,,,,,,,,,,,,,,,,,,,,,,,,,,,,,,,,,,,,
,,,,,,,,,,,,,,,,,,,,,,,,,,,,,,,,,,,,,,,,,,,,,,,,,,
,,,,,,,,,,,,,,,,,,,,,,,,,,,,,,,,,,,,,,,,,,,,,,,,,,
,,,,,,,,,,,,,,,,,,,,,,,,,,,,,,,,,,,,,,,,,,,,,,,,,,
,,,,,,,,,,,,,,,,,,,,,,,,,,,,,,,,,,,,,,,,,,,,,,,,,,
,,,,,,,,,,,,,,,,,,,,,,,,,,,,,,,,,,,,,,,,,,,,,,,,,,
,,,,,,,,,,,,,,,,,,,,,,,,,,,,,,,,,,,,,,,,,,,,,,,,,,
,,,,,,,,,,,,,,,,,,,,,,,,,,,,,,,,,,,,,,,,,,,,,,,,,,
,,,,,,,,,,,,,,,,,,,,,,,,,,,,,,,,,,,,,,,,,,,,,,,,,,
,,,,,,,,,,,,,,,,,,,,,,,,,,,,,,,,,,,,,,,,,,,,,,,,,,
,,,,,,,,,,,,,,,,,,,,,,,,,,,,,,,,,,,,,,,,,,,,,,,,,,
,,,,,,,,,,,,,,,,,,,,,,,,,,,,,,,,,,,,,,,,,,,,,,,,,,
